time_s,face_id,x1,y1,x2,y2
27.8,0,228,37,306,150
28.0,0,229,36,307,152
28.2,0,230,36,308,148
28.4,0,231,38,309,149
28.6,0,232,41,311,151
28.8,0,232,41,311,154
29.0,0,229,39,308,150
29.2,0,229,40,308,152
29.4,0,227,40,306,154
29.6,0,226,40,305,153
29.8,0,227,41,305,154
30.0,0,229,42,307,153
30.2,0,231,43,309,153
30.4,0,231,44,309,154
30.6,0,230,44,308,156
30.8,0,229,43,307,156
31.0,0,226,41,305,155
31.2,0,225,44,303,157
31.4,1,320,51,416,193
31.6,1,320,51,416,193
31.8,1,320,50,417,193
32.0,1,320,51,416,194
32.2,1,320,50,418,191
32.4,1,318,55,413,193
32.6,1,317,55,413,198
32.8,1,316,55,412,194
33.0,1,317,55,412,194
33.2,1,320,51,417,193
33.4,1,321,50,421,191
33.6,1,321,51,422,189
33.8,1,323,51,421,189
34.0,1,324,51,422,188
34.2,1,412,76,456,139
34.2,0,258,85,302,142
34.4,1,411,102,452,165
34.4,0,272,91,316,146
34.6,0,254,77,298,131
34.6,1,406,87,446,148
34.8,1,412,99,455,161
34.8,0,243,90,287,144
35.0,1,407,95,451,160
35.0,0,239,76,283,135
35.2,1,403,104,450,168
35.2,0,249,109,294,164
35.4,1,408,109,452,174
35.4,0,258,100,301,154
35.6,1,410,81,457,143
35.6,0,257,86,298,142
35.8,1,405,86,451,150
35.8,0,242,87,285,143
36.0,1,406,55,454,120
36.0,0,242,56,289,115
36.2,1,416,82,462,146
36.2,0,255,84,301,140
36.4,1,414,68,460,132
36.4,0,257,65,302,121
36.6,1,415,84,463,149
36.6,0,264,84,311,141
36.8,1,395,66,442,131
36.8,0,240,68,287,125
36.8,-1,116,148,154,198
37.0,1,399,52,448,120
37.0,0,241,56,290,118
37.0,-1,143,140,180,191
37.2,1,407,54,456,123
37.2,0,248,55,297,120
37.4,1,408,40,458,109
37.4,0,243,33,292,98
37.6,2,340,36,428,167
37.8,2,337,37,427,170
38.0,2,335,45,425,171
38.2,2,334,55,422,176
38.4,2,331,58,419,180
38.6,2,328,57,418,179
38.8,2,325,55,417,178
39.0,2,325,59,416,182
39.2,2,328,64,418,180
39.4,2,330,61,419,178
39.6,2,331,55,421,175
39.8,2,331,55,420,175
40.0,1,417,50,472,126
40.0,0,214,47,268,121
40.2,1,408,78,463,158
40.2,0,202,69,257,143
40.4,1,401,61,455,139
40.4,0,193,63,248,135
40.6,0,195,55,251,130
40.6,1,400,67,455,147
40.8,1,398,57,454,138
40.8,0,202,58,258,132
41.0,1,386,51,445,136
41.0,0,193,36,251,113
41.2,0,194,56,251,133
41.2,1,390,72,450,154
41.4,1,403,58,465,141
41.4,0,190,54,248,133
41.6,1,345,32,443,160
41.8,1,342,34,437,159
42.0,1,338,38,432,172
42.2,1,336,39,430,178
42.4,1,333,46,428,190
42.6,1,332,49,427,194
42.8,1,331,50,427,193
43.0,1,334,50,429,195
43.2,1,332,51,428,194
43.4,1,331,51,428,193
43.6,1,334,51,430,194
43.8,1,336,52,435,194
44.0,1,339,52,438,192
44.2,3,166,54,233,137
44.2,4,442,85,492,153
44.4,4,442,87,491,153
44.4,3,170,53,237,137
44.6,4,442,85,491,153
44.6,3,172,54,239,139
44.8,4,442,85,491,153
44.8,3,174,54,241,138
45.0,4,442,85,492,153
45.0,3,174,53,241,140
45.2,4,442,85,492,153
45.2,3,172,53,239,138
45.4,3,171,54,237,138
45.4,4,442,85,492,153
45.6,3,171,54,237,139
45.6,4,442,84,492,154
45.8,3,167,54,235,140
45.8,4,442,84,492,154
46.0,3,167,56,233,142
46.0,4,442,85,492,154
46.2,3,167,56,233,142
46.2,4,442,85,492,153
46.4,1,410,75,472,160
46.4,0,193,60,252,140
46.6,1,408,53,470,140
46.6,0,195,56,254,136
46.8,0,190,58,249,139
46.8,1,404,76,466,163
47.0,0,169,66,231,152
47.0,1,398,62,461,150
47.2,1,393,68,457,158
47.2,0,155,50,220,136
47.4,1,388,68,453,160
47.4,0,154,65,219,151
47.6,1,392,46,458,139
47.6,0,155,43,224,134
47.8,1,384,66,450,158
47.8,0,148,48,218,139
48.0,1,384,46,451,140
48.0,0,133,58,207,149
48.2,1,382,51,447,142
48.2,0,109,59,185,150
48.4,1,392,71,453,157
48.4,0,78,81,161,179
48.6,1,402,67,462,147
48.6,0,9,61,109,163
48.8,1,403,63,459,135
49.0,1,404,73,458,140
49.2,1,410,76,463,143
49.4,1,412,76,464,143
49.8,0,184,75,245,168
50.0,0,218,77,284,171
50.2,0,236,81,299,168
50.4,0,230,79,290,165
50.6,0,232,77,295,164
50.8,0,228,73,291,163
51.0,0,232,68,296,159
51.2,1,423,79,480,154
51.4,1,428,78,485,154
51.6,1,435,77,492,154
51.8,1,434,77,491,153
52.0,1,435,80,492,156
52.2,1,433,78,490,156
52.4,0,232,73,299,161
52.6,0,227,69,295,158
52.8,0,229,70,298,160
53.0,0,231,62,301,156
53.2,0,232,66,302,159
53.4,0,228,68,297,160
53.6,0,223,66,291,158
53.8,5,241,50,336,193
54.0,5,243,50,338,194
54.2,5,243,63,342,204
54.4,5,245,71,343,211
54.6,5,242,66,341,209
54.8,5,240,63,339,207
55.0,5,240,72,339,211
55.2,5,240,72,339,213
55.4,5,241,66,339,209
55.6,5,241,63,340,205
55.8,5,242,68,341,214
56.0,5,242,64,341,208
56.2,5,241,60,341,205
56.4,5,240,60,341,203
56.6,5,240,58,340,202
56.8,5,240,59,340,205
57.0,5,238,59,338,202
57.2,2,348,36,433,165
57.4,2,348,37,434,166
57.6,2,345,41,430,168
57.8,2,342,40,429,170
58.0,2,339,43,425,174
58.2,2,337,49,423,177
58.4,2,336,56,423,185
58.6,2,336,61,424,182
58.8,2,336,64,423,182
59.0,0,228,42,306,155
59.2,0,230,44,308,155
59.4,0,230,44,308,155
59.6,0,230,43,308,154
59.8,0,230,43,308,154
60.0,0,230,44,308,155
60.2,0,230,44,308,154
60.4,0,229,45,307,155
60.6,1,432,78,489,156
60.8,1,433,80,490,158
61.0,1,433,81,491,162
61.2,1,435,84,493,163
61.4,1,436,83,493,166
61.6,1,439,72,499,161
61.8,1,440,60,500,139
62.0,1,436,60,494,144
62.2,1,431,61,488,143
62.4,1,429,62,487,144
62.6,1,430,59,488,141
62.8,1,431,56,489,138
63.0,0,226,42,304,156
63.2,0,227,42,304,155
63.4,0,228,42,305,154
63.6,0,229,42,306,156
63.8,0,230,43,308,154
64.0,0,230,44,308,156
64.2,0,230,44,309,156
64.4,0,230,44,309,155
64.6,0,230,47,308,159
64.8,0,230,49,308,160
65.0,0,229,48,308,159
68.0,1,96,124,159,211
68.0,0,467,111,536,203
68.2,1,100,119,165,206
68.2,0,468,110,538,202
68.4,1,94,115,159,204
68.4,0,461,109,531,202
68.6,1,85,116,151,206
68.6,0,454,111,522,204
68.8,1,86,118,152,210
68.8,0,448,113,512,203
69.0,1,96,118,161,211
69.0,0,446,113,509,203
69.2,1,109,118,175,211
69.2,0,445,116,508,205
69.4,1,137,119,200,209
69.4,0,445,116,508,206
69.6,0,444,117,507,207
69.6,1,153,122,216,214
69.8,0,445,117,508,207
69.8,1,159,122,220,215
70.0,1,159,123,222,216
70.0,0,448,119,512,207
70.2,1,159,124,221,215
70.2,0,452,116,521,207
70.4,0,455,116,524,209
70.4,1,148,122,214,214
70.6,1,143,122,208,213
70.6,0,459,115,527,209
70.8,1,139,121,204,214
70.8,0,463,116,532,208
71.0,1,133,121,197,214
71.0,0,466,116,535,206
71.2,1,128,121,193,214
71.2,0,470,116,540,207
73.8,1,313,48,437,235
74.0,1,315,47,438,232
74.2,1,318,43,440,220
74.4,1,317,40,437,216
74.6,1,315,44,436,219
74.8,1,322,44,441,219
75.0,1,330,43,451,216
75.2,1,356,43,479,217
75.4,1,366,44,489,225
75.6,0,320,52,459,260
75.6,1,-50,29,103,350
75.8,0,316,52,455,259
76.0,0,315,55,453,258
76.0,1,-46,51,105,358
76.2,0,315,54,450,259
76.2,1,-40,77,150,371
76.4,1,134,16,274,200
76.6,1,169,-23,277,143
76.8,1,195,-12,318,128
77.0,1,203,-13,316,148
77.2,1,200,-16,315,168
77.4,1,192,-10,307,183
77.6,1,171,-2,288,183
77.8,1,180,-15,296,177
78.0,1,136,83,209,179
78.0,0,472,109,542,198
78.2,1,123,82,194,178
78.2,0,469,109,539,198
78.4,1,101,86,169,177
78.4,0,468,110,538,198
78.6,0,469,109,540,198
78.6,1,77,90,143,181
78.8,1,73,101,137,194
78.8,0,470,108,540,198
79.0,1,77,107,137,199
79.0,0,471,110,541,203
79.2,1,76,106,134,196
79.2,0,472,111,543,207
79.4,1,73,105,132,189
79.4,0,473,109,544,200
79.6,1,293,29,415,196
79.8,1,287,27,409,198
80.0,1,282,27,395,200
80.2,1,264,34,374,201
80.4,1,232,38,334,208
80.6,1,185,39,286,218
80.8,1,147,39,259,228
81.0,1,126,48,250,240
81.2,1,100,59,224,245
81.4,1,81,67,208,246
81.6,1,90,72,216,246
81.8,1,334,37,432,175
82.0,1,336,37,433,166
82.2,1,339,36,438,169
82.4,1,339,39,438,179
82.6,1,337,41,435,179
82.8,1,334,41,432,179
83.0,1,334,41,433,179
83.2,5,248,60,347,201
83.4,5,247,60,346,202
83.6,5,244,70,343,213
83.8,5,243,59,344,203
84.0,5,245,62,345,204
84.2,5,246,63,345,203
84.4,5,246,64,345,204
84.6,5,246,64,345,202
84.8,5,246,66,345,201
85.0,1,331,59,454,249
85.2,1,324,56,443,245
85.4,1,316,52,439,242
85.6,1,320,53,445,242
85.8,1,321,53,447,240
86.0,1,316,52,440,241
86.2,1,312,52,436,241
86.4,1,314,53,441,243
86.6,0,217,49,346,222
86.8,0,215,45,343,221
87.0,0,215,46,342,223
87.2,0,214,50,341,223
87.4,0,210,52,335,225
87.6,0,199,55,325,228
87.8,1,149,124,213,225
87.8,0,465,116,534,212
88.0,1,163,154,236,241
88.0,0,462,116,531,213
88.2,0,467,119,539,215
88.2,1,196,145,274,244
88.4,0,477,122,549,215
88.4,1,218,137,290,245
88.6,0,217,61,348,233
88.8,0,215,65,346,235
89.0,0,217,67,347,235
89.2,0,222,67,353,234
89.4,0,221,66,351,233
89.6,0,221,69,350,233
89.8,1,269,22,402,200
90.0,1,264,32,393,209
90.2,1,253,39,364,222
90.4,1,280,44,386,234
90.6,1,289,46,393,229
90.8,1,291,40,397,227
91.0,1,299,41,409,211
91.2,1,298,39,404,217
91.4,1,295,39,400,225
91.6,1,294,41,398,221
91.8,1,294,39,398,231
92.0,1,295,41,399,228
92.2,1,295,43,399,224
92.4,1,295,44,399,223
92.6,0,227,43,304,156
92.8,0,227,46,304,157
93.0,0,227,44,304,156
93.2,0,227,45,304,157
93.4,0,227,45,304,158
93.6,0,227,45,304,157
93.8,0,227,45,304,157
94.0,0,466,14,581,212
94.0,6,300,74,354,175
94.2,6,299,74,355,173
94.2,0,465,14,580,212
94.4,6,299,71,353,174
94.4,0,465,14,579,211
94.6,1,293,65,353,177
94.6,0,467,15,577,211
94.8,1,297,58,368,181
94.8,0,467,14,579,212
95.0,1,311,58,387,183
95.0,0,467,16,578,211
95.2,1,319,58,401,187
95.2,0,467,15,577,211
95.4,1,315,60,397,185
95.4,0,467,15,576,211
95.6,1,302,59,381,182
95.6,0,466,15,577,211
95.8,1,292,59,366,186
95.8,0,467,15,578,211
96.0,1,290,58,362,184
96.0,0,466,15,579,210
96.2,1,293,56,363,185
96.2,0,467,16,576,210
96.4,1,294,55,366,184
96.4,0,467,18,576,209
96.6,0,236,67,366,237
96.8,0,242,68,371,238
97.0,0,251,61,384,238
97.2,0,251,64,384,240
97.4,0,249,66,382,240
97.6,0,252,87,388,256
97.8,0,261,116,408,271
98.0,0,273,135,418,282
98.2,0,278,131,425,283
98.4,0,278,127,424,283
98.6,0,379,58,561,321
98.6,1,207,45,316,227
98.8,1,215,44,324,221
98.8,0,391,55,557,320
99.0,1,213,45,327,226
99.0,0,395,17,564,310
99.2,1,211,45,322,228
99.2,0,408,3,569,286
99.4,1,222,51,331,233
99.4,0,421,-12,578,278
99.6,1,239,45,359,226
99.6,0,424,-9,583,278
99.8,1,241,45,362,224
99.8,0,425,-13,588,280
100.0,1,236,47,359,228
100.2,1,234,51,358,231
100.2,0,462,-6,620,267
100.4,1,236,49,359,231
100.4,0,463,-13,626,266
100.6,1,235,49,358,229
100.6,0,459,-3,621,265
100.8,1,234,49,357,232
100.8,0,457,-9,622,266
101.0,0,453,115,526,212
101.0,1,167,124,225,224
101.2,0,453,115,525,212
101.2,1,168,128,232,226
101.4,0,453,115,525,213
101.4,1,171,129,236,229
101.6,1,172,128,236,226
101.6,0,452,115,524,213
101.8,1,172,128,235,226
101.8,0,452,115,524,213
102.0,0,452,115,524,213
102.0,1,172,127,234,226
102.2,0,452,115,524,213
102.2,1,170,127,234,226
102.4,0,452,115,524,213
102.4,1,167,125,230,225
102.6,1,157,127,225,223
102.6,0,451,115,523,213
102.8,1,153,125,224,224
102.8,0,450,115,521,212
103.0,1,160,122,224,222
103.0,0,449,116,520,213
103.2,1,158,123,222,224
103.2,0,449,115,520,213
103.4,1,153,126,222,225
103.4,0,448,116,518,213
103.6,0,242,59,369,231
103.8,0,223,67,347,238
104.0,0,216,68,338,242
104.2,0,215,68,336,241
104.4,0,214,70,335,242
104.6,0,214,71,334,246
104.8,0,213,72,333,246
105.0,0,214,71,334,246
105.2,0,212,72,333,246
105.4,1,304,76,388,201
105.4,0,485,21,571,202
105.6,1,290,83,370,205
105.6,0,486,21,572,202
105.8,1,294,79,377,200
105.8,0,487,21,573,204
106.0,1,311,59,399,186
106.0,0,487,22,571,202
106.2,1,315,61,401,190
106.2,0,488,23,571,199
106.4,1,288,67,377,195
106.4,0,488,23,571,197
106.6,1,264,55,352,185
106.6,0,487,20,574,200
106.8,1,242,48,329,178
106.8,0,488,23,576,201
107.0,1,209,90,298,193
107.0,0,485,23,572,212
107.2,1,192,88,284,195
107.2,0,478,38,578,227
107.4,0,227,41,304,154
107.6,0,228,42,305,156
107.8,0,228,45,306,159
108.0,0,228,43,306,155
108.2,0,228,44,306,156
108.4,0,228,43,305,155
108.6,0,228,44,306,156
108.8,0,229,44,307,155
109.0,0,229,45,307,156
109.2,0,217,70,336,241
109.4,0,217,70,336,241
109.6,0,217,69,336,241
109.8,0,217,70,336,241
110.0,0,216,70,336,241
110.2,0,216,69,336,241
110.4,0,216,69,336,240
110.6,0,216,69,334,240
110.8,0,215,69,334,240
111.0,1,386,50,514,244
111.2,1,385,50,514,244
111.4,1,371,81,491,260
111.6,1,359,71,478,254
111.8,1,353,54,473,245
112.0,1,346,51,465,241
112.2,1,335,53,458,242
112.4,1,333,50,459,238
112.6,1,330,49,458,239
112.8,1,323,55,455,242
113.0,1,320,56,452,243
113.2,1,313,63,440,248
113.4,1,310,60,436,248
113.6,1,313,51,436,243
113.8,1,314,49,435,236
114.0,1,313,48,434,235
114.2,1,308,60,437,244
114.4,1,315,63,445,256
114.6,1,321,68,451,259
114.8,1,326,71,456,258
115.0,1,329,64,460,255
115.2,1,330,62,459,250
115.4,1,331,61,460,250
115.6,1,330,61,460,254
115.8,1,330,59,461,249
116.0,1,332,56,461,249
116.2,1,331,56,461,246
116.4,1,331,55,461,247
116.6,1,329,55,459,244
116.8,0,231,54,363,228
117.0,0,231,53,363,227
117.2,0,230,53,362,227
117.4,0,229,53,361,227
117.6,0,229,54,361,227
117.8,0,229,54,361,227
118.0,0,224,50,351,226
118.2,0,210,58,332,230
118.4,0,216,66,337,234
118.6,0,214,66,336,234
118.8,0,211,67,334,234
119.0,0,213,67,336,234
119.2,0,214,65,336,234
119.4,0,214,65,337,234
119.6,1,330,39,451,224
119.8,1,328,41,451,225
120.0,1,328,42,450,226
120.2,1,330,42,452,227
120.4,1,329,42,452,226
120.6,1,331,40,453,224
120.8,1,334,39,455,222
121.0,1,335,36,457,222
121.2,1,339,38,459,224
121.4,1,327,39,451,225
121.6,1,332,38,455,222
121.8,1,277,46,403,234
122.0,1,296,42,422,229
122.2,1,315,42,441,224
122.4,1,324,42,452,221
122.6,1,326,43,453,219
122.8,1,323,40,448,220
123.0,1,326,42,451,224
123.2,1,329,44,455,229
123.4,1,335,47,457,233
123.6,1,335,47,458,233
123.8,1,330,49,455,237
124.0,1,317,50,444,236
124.2,1,296,50,423,234
124.4,1,273,50,398,233
124.6,1,252,50,384,228
124.8,1,242,50,375,231
125.0,1,240,50,373,231
125.2,1,143,122,213,220
125.2,0,448,118,516,217
125.4,1,150,130,222,230
125.4,0,448,117,516,217
125.6,1,154,128,224,228
125.6,0,448,117,516,217
125.8,1,159,123,224,223
125.8,0,448,117,516,217
126.0,1,159,122,224,221
126.0,0,448,117,515,217
126.2,1,159,122,224,222
126.2,0,448,117,515,217
126.4,1,159,122,225,220
126.4,0,448,118,515,217
126.6,1,152,127,221,226
126.6,0,448,118,515,217
126.8,0,213,66,327,239
127.0,0,213,66,327,239
127.2,0,213,67,327,239
127.4,0,214,68,328,240
127.6,0,211,70,326,242
127.8,0,206,70,321,243
128.0,1,306,35,433,215
128.2,1,301,34,428,212
128.4,1,287,31,415,211
128.6,1,279,36,410,217
128.8,1,278,38,412,223
129.0,1,282,38,415,217
129.2,1,282,40,415,220
129.4,1,285,40,417,219
129.6,1,302,49,374,173
129.6,0,520,-1,633,199
129.8,1,321,54,395,176
129.8,0,521,0,633,199
130.0,1,322,55,397,179
130.0,0,521,1,633,199
130.2,1,324,55,402,182
130.2,0,520,0,635,201
130.4,1,306,49,381,174
130.4,0,521,-1,634,202
130.6,1,292,47,360,174
130.6,0,521,-4,636,202
130.8,1,287,48,355,171
130.8,0,521,-3,636,201
131.0,1,291,50,364,174
131.0,0,521,-3,636,200
131.2,1,279,57,353,184
131.2,0,517,-7,635,202
131.4,1,274,58,334,177
131.4,0,507,-7,626,204
131.6,1,287,48,354,171
131.6,0,506,-4,632,205
131.8,1,298,44,373,169
131.8,0,504,-3,634,205
132.0,1,300,44,375,170
132.0,0,503,-3,630,205
132.2,1,295,42,368,170
132.2,0,505,-5,631,205
132.4,1,301,47,374,171
132.4,0,503,-4,625,205
132.6,1,-5,-4,192,329
132.6,0,301,60,448,257
132.8,0,302,56,448,258
132.8,1,-44,-26,173,332
133.0,0,302,56,449,257
133.0,1,-56,-23,157,339
133.2,0,303,56,449,257
133.2,1,-49,-19,165,336
133.4,0,303,56,450,258
133.4,1,-43,-20,165,350
133.6,0,197,53,325,230
133.8,0,202,55,329,231
134.0,0,226,57,355,232
134.2,0,231,57,366,232
134.4,0,233,56,366,230
134.6,0,232,54,365,229
134.8,1,274,36,391,232
135.0,1,280,29,397,211
135.2,1,267,19,390,203
135.4,1,248,40,363,237
135.6,1,249,33,363,234
135.8,1,255,28,372,220
136.0,1,253,30,370,209
136.2,1,254,29,371,207
136.4,1,256,29,373,211
136.6,1,256,28,374,209
136.8,1,257,28,374,216
137.0,1,261,37,381,225
137.2,0,501,115,573,204
137.2,1,143,120,209,219
137.4,0,499,115,570,204
137.4,1,141,119,205,217
137.6,0,498,114,568,203
137.6,1,138,119,203,217
137.8,0,498,114,568,203
137.8,1,136,120,203,218
138.0,1,136,122,203,222
138.0,0,498,114,570,203
138.2,1,135,122,203,224
138.2,0,499,113,571,204
138.4,1,130,121,199,222
138.4,0,501,116,574,205
138.6,1,126,118,194,219
138.6,0,505,119,579,206
138.8,1,124,116,192,216
138.8,0,511,121,587,209
139.0,1,125,117,193,216
139.0,0,519,127,596,214
139.2,1,126,117,194,217
139.2,0,518,130,594,211
139.4,1,127,117,195,216
139.4,0,519,128,595,213
139.6,1,127,115,195,213
139.6,0,520,128,596,213
139.8,1,120,116,187,216
139.8,0,519,129,595,212
140.0,1,111,117,179,220
140.0,0,520,129,595,213
140.2,1,107,117,175,221
140.2,0,520,129,595,212
140.4,1,106,116,175,219
140.4,0,520,128,596,213
140.6,1,105,117,174,214
140.6,0,520,129,595,214
140.8,1,286,52,354,173
140.8,0,504,1,607,201
141.0,1,297,45,373,168
141.0,0,505,10,606,201
141.2,1,303,44,382,163
141.2,0,505,13,605,201
141.4,1,301,50,377,170
141.4,0,505,15,604,201
141.6,1,299,54,377,175
141.6,0,506,15,605,201
141.8,1,297,56,373,181
141.8,0,506,17,602,202
142.0,1,294,57,368,187
142.0,0,506,15,604,202
142.2,1,304,52,379,177
142.2,0,506,15,604,202
142.4,1,305,53,379,178
142.4,0,506,15,605,203
142.6,1,305,53,376,179
142.6,0,506,13,605,202
142.8,1,296,57,371,185
142.8,0,506,15,606,203
143.0,1,-9,14,213,367
143.0,0,318,61,467,269
143.2,1,0,12,231,359
143.2,0,298,68,468,263
143.4,0,321,59,466,264
143.4,1,-9,0,211,360
143.6,0,322,59,467,265
143.6,1,-26,-16,174,339
143.8,0,322,60,468,267
143.8,1,-45,-24,146,300
144.0,0,325,63,472,268
144.0,1,-62,-33,148,287
144.2,0,324,63,472,269
144.2,1,-65,-38,161,301
144.4,1,291,41,418,225
144.6,1,289,39,418,224
144.8,1,280,41,412,231
145.0,1,279,42,409,229
145.2,1,276,43,407,224
145.4,1,275,44,407,224
145.6,1,276,45,409,225
145.8,1,276,44,408,224
146.0,1,276,45,408,223
146.2,0,326,62,472,265
146.2,1,-31,-20,173,356
146.4,0,324,62,471,267
146.4,-1,13,3,171,320
146.6,0,325,62,471,267
146.8,0,326,63,472,267
147.0,0,325,67,471,269
147.2,0,327,68,473,270
147.4,0,326,67,472,268
147.6,0,326,68,472,268
147.8,0,326,65,473,269
148.0,0,325,63,473,268
148.2,0,325,65,473,269
148.4,1,370,45,494,236
148.6,1,365,47,487,236
148.8,1,337,48,468,232
149.0,1,322,55,451,246
149.2,1,314,53,441,245
149.4,1,311,44,437,234
149.6,1,310,45,436,237
149.8,1,307,45,431,232
150.0,1,294,40,419,232
150.2,1,284,51,409,239
150.4,1,282,53,410,241
150.6,1,285,45,412,236
150.8,1,292,46,418,242
151.0,1,257,66,362,246
151.0,0,496,-9,638,264
151.2,1,253,54,360,242
151.2,0,495,-7,642,265
151.4,1,276,47,397,228
151.4,0,494,-8,644,262
151.6,1,269,52,393,234
151.8,1,264,44,388,229
152.0,1,270,52,393,234
152.2,1,264,48,389,237
152.4,1,264,50,389,236
152.6,1,264,51,388,235
152.8,1,266,43,390,230
153.0,1,266,55,387,245
153.2,1,266,54,389,241
153.2,0,485,-26,638,277
153.4,1,268,53,390,237
153.4,0,485,-9,630,271
153.6,1,268,54,391,237
153.6,0,486,-19,636,281
153.8,1,268,54,390,240
154.0,0,324,61,469,262
154.2,0,325,57,469,261
154.2,1,-16,-3,193,360
154.4,0,323,57,467,261
154.4,1,-20,9,206,364
154.6,0,323,59,468,261
154.6,1,28,35,187,351
154.8,0,324,58,468,261
155.0,0,324,58,469,260
155.2,0,326,59,471,261
155.4,0,328,58,472,261
155.6,0,328,59,473,261
155.8,0,329,61,473,261
156.0,0,329,58,473,261
156.2,1,306,48,391,175
156.4,1,302,51,387,176
156.6,1,301,51,385,176
156.6,0,478,19,569,196
156.8,1,297,56,380,182
156.8,0,478,19,569,197
157.0,1,294,57,368,182
157.0,0,477,19,569,196
157.2,1,292,51,366,176
157.4,1,293,47,367,175
157.6,1,296,49,372,176
157.8,1,294,48,372,173
157.8,0,476,7,569,192
158.0,1,294,48,372,177
158.0,0,475,11,559,190
158.2,1,358,43,484,235
158.4,1,360,55,474,241
158.6,1,360,50,482,232
158.8,1,362,47,484,232
159.0,1,361,53,480,239
159.2,1,361,52,483,238
159.4,1,360,57,479,244
159.6,1,361,62,481,247
159.8,1,361,61,482,246
160.0,1,358,61,480,248
160.2,1,351,80,469,253
160.4,1,346,81,467,259
160.6,1,345,74,467,258
160.8,1,341,69,463,257
161.0,1,340,69,464,257
161.2,1,339,81,463,263
161.4,1,340,58,461,250
161.6,0,322,52,466,257
161.8,0,331,49,473,259
162.0,0,342,61,488,263
162.2,0,336,58,480,265
162.4,0,333,58,480,266
162.6,0,329,60,474,264
162.6,1,29,35,199,354
162.8,1,34,29,218,357
162.8,0,329,62,475,264
163.0,0,331,65,476,265
163.0,-1,26,40,177,336
163.2,0,332,66,475,264
163.2,-1,0,45,148,300
163.4,1,280,60,409,260
163.4,0,475,4,615,269
163.6,1,281,64,408,260
163.6,0,464,0,617,274
163.8,1,282,62,410,259
163.8,0,458,4,604,275
164.0,1,283,61,412,260
164.0,0,469,29,602,278
164.2,1,284,59,415,255
164.2,0,473,44,580,276
164.4,1,285,61,416,259
164.4,0,474,47,579,275
164.6,1,285,61,415,258
164.6,0,475,45,580,277
164.8,1,285,61,415,259
164.8,0,473,28,603,282
165.0,1,285,61,416,258
165.0,0,473,29,602,281
165.2,1,285,60,415,256
165.2,0,474,29,604,281
165.4,0,521,34,662,252
165.8,0,515,42,661,247
166.0,0,499,49,652,255
166.2,0,484,43,638,263
166.4,0,331,44,479,255
166.6,0,366,51,517,261
166.8,0,380,72,533,268
167.0,0,387,74,552,277
167.2,0,410,95,577,289
167.4,0,404,89,570,283
167.6,0,394,88,564,282
167.8,0,388,82,557,280
168.0,1,248,33,358,209
168.2,1,249,34,357,208
168.4,1,264,36,377,217
168.6,1,321,64,443,254
168.8,1,343,75,475,268
169.0,1,322,59,448,249
169.2,1,312,56,432,239
169.4,1,299,57,422,256
169.6,1,295,58,423,251
169.8,1,295,45,418,232
170.0,1,282,48,405,239
170.2,1,277,46,398,230
170.4,1,280,45,403,226
170.6,1,285,44,412,222
170.8,1,287,44,415,225
171.0,1,289,43,415,232
171.2,1,288,51,419,239
171.4,1,294,50,427,234
171.6,1,317,53,447,236
171.8,1,319,53,452,235
172.0,1,320,52,452,232
172.2,1,131,118,198,213
172.2,0,442,120,506,221
172.4,1,135,121,202,220
172.4,0,442,120,507,221
172.6,1,140,118,209,218
172.6,0,442,119,506,222
172.8,1,143,117,211,214
172.8,0,442,120,507,222
173.0,1,148,117,214,213
173.0,0,442,119,507,222
173.2,1,155,120,221,221
173.2,0,442,121,506,222
173.4,1,165,120,229,220
173.4,0,442,122,506,222
173.6,1,170,121,232,222
173.6,0,440,122,504,222
173.8,1,170,121,233,220
173.8,0,442,120,506,222
174.0,1,171,121,233,219
174.0,0,441,120,506,222
174.2,1,238,46,346,226
174.2,0,462,11,613,283
174.4,1,238,46,346,227
174.4,0,461,12,618,281
174.6,1,254,50,365,232
174.6,0,461,15,617,280
174.8,1,267,49,390,230
174.8,0,460,16,615,279
175.0,1,266,50,390,231
175.0,0,458,-1,614,276
175.2,1,266,51,390,234
175.2,0,475,19,610,279
175.4,0,317,50,464,266
175.6,0,335,51,477,263
175.8,0,331,54,475,264
176.0,0,321,59,467,263
176.0,1,-69,-18,143,324
176.2,1,244,55,351,238
176.2,0,462,15,610,277
176.4,1,238,53,337,232
176.4,0,458,9,620,276
176.6,0,458,8,622,276
176.6,1,242,46,353,229
176.8,1,235,51,338,231
176.8,0,454,1,620,277
177.0,1,233,49,339,229
177.0,0,453,1,616,275
177.2,1,233,49,337,229
177.2,0,454,4,613,275
177.4,1,233,50,335,231
177.4,0,452,7,608,275
177.6,1,104,112,175,207
177.6,0,475,104,547,202
177.8,1,105,113,175,208
177.8,0,474,103,546,202
178.0,1,105,112,175,209
178.0,0,473,103,545,202
178.2,1,105,111,174,208
178.2,0,464,105,538,205
178.4,1,105,112,175,209
178.4,0,444,108,519,211
178.6,1,105,112,175,208
178.6,0,429,114,502,214
178.8,1,105,112,175,209
178.8,0,425,116,497,214
179.0,1,105,112,175,208
179.0,0,423,115,495,214
179.2,1,105,111,175,206
179.2,0,420,116,493,214
179.4,1,106,112,175,206
179.4,0,422,115,494,214
179.6,1,110,114,178,212
179.6,0,419,116,490,216
179.8,1,109,114,178,210
179.8,0,416,116,487,217
180.0,1,107,113,176,213
180.0,0,417,116,489,217
180.2,1,108,114,177,210
180.2,0,420,115,491,216
180.4,1,339,41,463,229
180.6,1,351,45,472,232
180.8,1,350,50,471,234
181.0,1,345,52,465,230
181.2,1,340,54,456,237
181.4,1,336,49,454,250
181.6,1,337,53,455,244
181.8,1,338,54,455,246
182.0,1,338,55,457,250
182.2,1,340,54,459,246
182.4,1,345,55,463,242
182.6,1,348,56,471,250
182.8,1,349,54,473,250
183.0,1,271,52,397,239
183.0,0,465,1,602,267
183.2,1,263,56,389,245
183.4,1,274,51,398,241
183.6,1,276,47,399,231
183.8,1,276,45,401,229
184.0,1,275,47,400,229
184.0,0,466,11,602,266
184.2,1,276,47,401,228
184.2,0,467,11,603,267
184.4,1,265,52,388,234
184.4,0,466,26,589,262
184.6,1,337,41,462,229
184.8,1,322,45,448,229
185.0,1,312,42,436,233
185.2,1,297,41,422,229
185.4,1,293,43,418,230
185.6,1,290,39,416,232
185.8,1,277,40,404,233
186.0,1,273,39,398,238
186.2,1,270,39,398,232
186.4,1,273,40,401,229
186.6,1,276,37,404,227
186.8,1,277,35,405,224
187.0,1,275,35,402,227
187.2,1,272,36,399,220
187.4,1,271,36,398,219
187.6,1,275,33,403,220
187.8,0,206,68,322,240
188.0,0,208,64,325,236
188.2,0,206,56,325,231
188.4,0,203,52,323,228
188.6,0,203,56,324,231
188.8,0,201,63,327,235
189.0,1,287,34,413,224
189.2,1,292,35,420,225
189.4,1,300,38,428,224
189.6,1,304,56,429,242
189.8,1,303,64,430,251
190.0,1,303,59,431,244
190.2,1,297,34,423,216
190.4,1,297,36,423,217
190.6,1,297,36,423,223
190.8,1,299,36,423,219
191.0,1,298,38,424,222
191.2,1,298,38,424,223
191.4,1,297,39,424,224
191.6,1,297,40,424,221
191.8,1,298,41,423,218
192.0,1,298,41,425,225
192.2,1,298,43,424,228
192.4,1,296,44,422,227
192.6,1,298,44,425,225
192.8,1,297,44,423,225
193.0,1,297,44,423,225
193.2,1,299,47,424,224
193.4,1,319,42,440,227
193.6,1,356,38,481,216
193.8,1,370,41,496,229
194.0,1,372,44,497,233
194.2,1,373,44,498,231
194.4,1,372,43,497,229
194.6,1,372,42,498,229
194.8,1,371,40,499,230
195.0,1,329,59,457,247
195.2,1,347,62,480,246
195.4,1,331,72,460,252
195.6,1,334,67,460,256
195.8,1,329,59,455,248
196.0,0,236,74,355,243
196.2,0,237,74,357,243
196.4,0,237,74,356,242
196.6,0,237,71,357,240
196.8,0,235,69,356,240
197.0,0,229,71,349,241
197.2,0,220,74,340,245
197.4,0,219,73,339,243
197.6,0,223,70,343,241
197.8,1,392,47,525,238
198.0,1,362,47,484,236
198.2,1,358,48,484,239
198.4,1,356,44,477,233
198.6,1,348,38,470,227
198.8,1,337,31,463,217
199.0,1,342,29,465,203
199.2,1,340,35,461,220
199.4,1,336,34,463,217
199.6,1,331,39,462,222
199.8,1,336,40,463,225
200.0,1,201,40,309,225
200.0,0,463,-20,613,258
200.2,1,202,40,310,225
200.2,0,462,-22,612,259
200.4,1,201,40,309,225
200.4,0,461,-18,612,259
200.6,1,201,38,309,226
200.6,0,463,-19,613,259
200.8,1,201,38,309,226
200.8,0,462,-20,614,258
201.0,1,201,36,314,227
201.0,0,461,-21,618,259
201.2,1,212,29,328,215
201.2,0,461,-26,621,260
201.4,1,193,37,313,238
201.4,0,464,-29,625,260
201.6,1,234,37,357,227
201.6,0,464,-26,624,260
201.8,1,269,40,402,227
201.8,0,465,-28,625,260
202.0,1,281,41,417,226
202.0,0,459,-26,611,257
202.2,1,290,50,430,233
202.4,1,297,52,441,236
202.6,1,297,53,440,235
202.8,1,291,55,430,241
203.0,1,248,79,375,268
203.2,1,243,61,370,257
203.2,0,456,-10,608,264
203.4,1,257,49,389,245
203.4,0,459,-6,603,256
203.6,1,253,49,383,243
203.6,0,456,-5,598,256
203.8,1,246,50,373,239
203.8,0,451,-3,583,254
204.0,1,243,53,369,249
204.0,0,445,-9,585,256
204.2,1,243,53,367,246
204.2,0,445,-11,585,256
204.4,1,242,51,369,247
204.4,0,447,-6,585,255
204.6,1,242,51,368,243
204.6,0,450,-3,584,253
204.8,1,234,62,358,253
204.8,0,452,-2,584,261
205.0,1,233,57,357,250
205.2,1,220,50,343,237
205.2,0,448,2,578,266
205.4,1,199,41,316,227
205.6,1,188,37,299,225
205.6,0,452,30,564,251
205.8,1,282,50,357,181
205.8,0,505,-21,643,184
206.0,1,297,53,372,182
206.0,0,505,-23,644,184
206.2,1,322,53,407,182
206.2,0,504,-23,644,185
206.4,1,333,56,421,191
206.4,0,500,-19,630,186
206.6,1,333,57,421,193
206.6,0,494,-2,613,187
206.8,1,334,56,423,192
206.8,0,495,8,597,186
207.0,1,335,56,424,191
207.0,0,495,10,587,185
207.2,1,334,56,423,191
207.2,0,495,13,585,186
207.4,1,331,55,420,188
207.4,0,495,10,586,188
207.6,1,315,53,400,187
207.6,0,494,10,586,189
207.8,1,297,53,375,192
207.8,0,494,10,587,189
208.0,1,301,57,384,188
208.0,0,494,9,588,190
208.2,1,318,55,406,186
208.2,0,493,10,586,189
208.4,1,321,57,408,191
208.4,0,493,11,586,189
208.6,1,325,54,413,188
208.6,0,494,11,586,188
208.8,1,326,53,414,192
208.8,0,494,10,585,190
209.0,1,325,52,414,188
209.0,0,494,10,584,190
209.2,1,326,52,414,187
209.2,0,494,10,585,190
209.4,1,326,59,414,192
209.4,0,494,11,584,189
209.6,1,326,56,415,191
209.6,0,494,11,584,189
209.8,1,326,56,414,189
209.8,0,494,9,585,191
210.0,1,326,56,414,189
210.0,0,494,9,586,191
210.2,1,326,55,415,189
210.2,0,494,8,586,191
210.4,1,344,44,469,229
210.6,1,343,48,468,241
210.8,1,337,59,461,252
211.0,1,338,54,463,248
211.2,1,335,49,459,244
211.4,1,335,49,458,244
211.6,1,335,49,459,242
211.8,1,337,49,460,242
212.0,1,337,49,461,241
212.2,1,338,50,463,240
212.4,1,328,52,465,241
212.6,1,327,54,461,243
212.8,1,339,52,468,243
213.0,1,340,51,464,246
213.2,1,343,51,470,246
213.4,1,333,54,464,245
213.6,1,339,53,467,244
213.8,1,338,52,464,242
214.0,1,339,52,466,242
214.2,1,109,127,175,228
214.2,0,444,116,509,216
214.4,1,114,124,180,224
214.4,0,444,116,509,217
214.6,1,116,123,183,223
214.6,0,444,117,509,217
214.8,1,117,122,184,220
214.8,0,444,116,510,218
215.0,1,116,124,183,224
215.0,0,444,116,510,218
215.2,1,334,57,462,250
215.4,1,332,59,461,247
215.6,1,336,54,462,245
215.8,1,339,36,461,217
216.0,1,340,33,463,211
216.2,1,338,23,467,184
216.4,1,303,23,426,203
216.6,1,299,22,425,207
216.8,1,319,29,440,221
217.0,1,371,37,496,233
217.2,0,304,70,448,268
217.4,0,303,67,449,267
217.6,0,303,67,448,265
217.8,0,300,67,446,266
218.0,0,299,67,445,266
218.2,0,299,67,444,265
218.4,0,298,66,442,264
218.6,1,334,50,421,181
218.6,0,496,6,598,193
218.8,1,317,63,392,192
218.8,0,496,6,597,192
219.0,1,314,59,390,190
219.0,0,494,6,596,191
219.2,1,328,60,413,188
219.2,0,495,5,598,192
219.4,1,337,54,426,188
219.4,0,495,7,597,193
219.6,1,336,53,425,185
219.6,0,493,18,591,191
219.8,1,335,52,423,189
219.8,0,495,16,593,195
220.0,1,335,53,424,184
220.0,0,494,19,588,193
220.2,1,334,53,423,182
220.2,0,494,19,591,193
220.4,0,291,65,437,263
220.4,1,-29,-7,163,335
220.6,0,289,64,436,263
220.6,1,-94,-23,130,338
220.8,0,288,63,434,262
221.0,0,286,63,433,262
221.0,1,-113,-25,119,343
221.2,0,285,62,433,261
221.2,1,-99,-31,135,351
221.4,0,285,61,432,260
221.4,1,-108,-24,132,341
221.6,0,471,15,617,280
221.6,1,253,43,365,231
221.8,0,469,17,613,280
221.8,1,259,42,370,229
222.0,1,253,48,362,236
222.0,0,468,18,616,280
222.2,1,259,46,368,239
222.2,0,466,21,611,281
222.4,1,267,47,380,240
222.4,0,464,15,611,280
222.6,1,268,45,383,231
222.6,0,463,14,613,281
222.8,1,257,42,375,234
222.8,0,466,23,610,280
223.0,1,269,38,398,229
223.0,0,465,28,614,290
223.2,1,273,42,401,235
223.2,0,465,34,602,294
223.4,1,278,46,406,237
223.4,0,480,31,616,289
223.6,1,281,43,411,234
223.8,1,285,48,413,235
223.8,0,492,32,637,280
224.0,1,306,55,383,183
224.0,0,490,14,576,189
224.2,1,310,46,386,178
224.2,0,487,8,576,193
224.4,1,315,40,393,169
224.4,0,485,3,577,195
224.6,1,315,41,392,162
224.6,0,477,-4,583,199
224.8,1,313,42,386,162
224.8,0,476,-6,584,200
225.0,1,308,45,379,160
225.0,0,476,-6,584,201
225.2,1,112,123,172,225
225.2,0,451,118,516,217
225.4,1,101,125,168,227
225.4,0,451,119,516,217
225.6,1,103,125,174,222
225.6,0,451,119,516,217
225.8,1,105,123,174,218
225.8,0,451,119,516,217
226.0,1,104,122,174,217
226.0,0,451,118,516,217
226.2,1,102,127,173,226
226.2,0,451,118,516,217
226.4,1,101,125,171,224
226.4,0,450,120,516,217
226.6,1,102,121,171,218
226.6,0,450,119,516,218
226.8,1,101,120,168,213
226.8,0,451,118,516,218
227.0,1,100,117,167,212
227.0,0,451,118,516,218
227.2,1,100,118,168,211
227.2,0,452,118,517,218
227.4,1,101,118,169,211
227.4,0,451,118,517,218
227.6,1,100,119,167,214
227.6,0,451,118,517,218
227.8,1,99,119,167,217
227.8,0,451,117,517,217
228.0,1,99,119,167,214
228.0,0,451,118,517,217
228.2,1,99,120,167,215
228.2,0,451,118,516,218
228.4,1,275,48,400,230
228.4,0,474,48,582,272
228.6,1,273,53,397,238
228.6,0,472,26,606,278
228.8,1,273,51,397,235
228.8,0,472,25,606,280
229.0,1,272,51,398,234
229.0,0,472,26,601,279
229.2,1,273,51,398,233
229.2,0,473,25,605,279
229.4,1,274,52,399,238
229.4,0,473,25,604,279
229.6,1,273,51,397,236
229.6,0,474,24,611,280
229.8,1,272,51,393,234
229.8,0,461,-11,615,285
230.0,1,252,55,360,239
230.0,0,455,2,617,287
230.2,1,374,44,496,233
230.4,1,373,43,497,229
230.6,1,365,38,489,221
230.8,1,366,39,493,221
231.0,1,360,35,487,217
231.2,1,360,37,487,220
231.4,1,361,39,485,225
231.6,1,366,40,488,227
231.8,1,374,36,504,230
232.0,1,377,36,505,227
232.2,1,376,35,505,228
232.4,1,377,35,506,227
232.6,1,362,54,483,240
232.8,1,362,56,485,245
233.0,1,366,71,491,260
233.2,1,369,70,491,261
233.4,1,367,66,488,259
233.6,1,355,64,481,255
233.8,1,332,52,460,241
234.0,1,324,55,453,247
234.2,1,322,56,450,246
234.4,1,320,53,449,239
234.6,1,318,51,444,234
234.8,1,316,46,443,223
235.0,1,316,46,443,223
235.2,1,313,45,439,228
235.4,1,312,45,438,226
235.6,1,312,45,439,226
235.8,1,312,44,439,229
236.0,1,308,45,435,225
236.2,1,308,46,435,229
236.4,1,222,32,338,220
236.4,0,476,36,585,260
236.6,1,223,32,338,222
236.8,1,220,34,335,225
237.0,1,219,34,337,222
237.2,1,219,35,336,222
237.4,1,220,33,337,225
237.6,1,222,33,339,225
237.6,0,476,38,585,262
237.8,1,222,33,338,222
238.0,1,223,35,340,220
238.2,1,247,38,368,222
238.2,0,473,24,604,272
238.4,1,255,40,378,225
238.4,0,476,37,586,261
238.6,1,258,41,383,222
238.6,0,477,39,585,260
238.8,1,259,40,381,231
238.8,0,477,38,585,259
239.0,1,260,41,382,225
239.0,0,477,37,585,261
239.2,1,259,41,384,223
239.2,0,476,35,588,261
239.4,1,251,43,375,223
239.4,0,478,35,584,256
239.6,1,235,40,351,224
239.6,0,475,39,585,256
239.8,1,226,37,342,224
239.8,0,475,36,585,256
240.0,1,217,39,326,223
240.0,0,475,32,585,258
240.2,1,220,44,330,227
240.2,0,476,33,585,258
240.4,1,321,51,440,244
240.6,1,308,48,429,238
240.8,1,317,46,440,234
241.0,1,322,40,443,227
241.2,1,323,38,449,230
241.4,1,324,38,448,224
241.6,1,318,37,439,224
241.8,1,321,42,446,233
242.0,1,322,41,446,229
242.2,1,326,39,449,224
242.4,1,334,41,452,226
242.6,1,334,42,453,228
242.8,1,335,42,453,229
243.0,1,237,45,348,228
243.0,0,498,0,642,273
243.2,1,243,47,339,234
243.2,0,499,9,636,271
243.4,1,252,41,354,221
243.4,0,498,15,636,269
243.6,1,248,36,356,221
243.6,0,499,12,636,269
243.8,1,255,36,365,221
243.8,0,500,8,637,269
244.0,1,260,40,372,224
244.0,0,500,9,638,270
244.2,1,261,39,371,223
244.2,0,500,8,637,268
244.4,1,262,39,373,220
244.4,0,500,10,636,267
244.6,1,271,39,386,220
244.6,0,499,7,634,269
244.8,1,279,42,395,226
244.8,0,499,10,636,269
245.0,1,265,49,386,247
245.0,0,500,4,640,270
245.2,1,266,51,389,249
245.2,0,499,13,638,269
245.4,1,272,49,393,245
245.4,0,498,9,640,269
245.6,1,290,47,419,236
245.6,0,499,8,639,269
245.8,1,287,55,414,243
245.8,0,500,4,641,265
246.0,1,264,58,392,241
246.0,0,501,5,642,267
246.2,1,239,68,366,253
246.2,0,495,0,635,270
246.4,1,248,72,377,254
246.4,0,498,0,640,269
246.6,1,263,59,392,269
246.6,0,497,-3,640,271
246.8,1,259,59,390,271
246.8,0,497,-2,643,270
247.0,1,265,60,400,271
247.0,0,499,0,643,271
247.2,1,267,57,403,271
247.2,0,499,-6,643,275
247.4,1,266,52,403,260
247.4,0,499,5,637,271
247.6,1,264,47,397,250
247.6,0,492,20,635,272
247.8,1,258,45,388,241
247.8,0,489,8,634,274
248.0,1,237,43,358,228
248.0,0,479,15,632,278
248.2,1,234,37,351,221
248.2,0,473,15,631,280
248.4,1,292,49,365,169
248.4,0,480,17,572,200
248.6,1,288,49,360,171
248.6,0,481,17,572,199
248.8,1,288,49,360,173
248.8,0,482,17,572,199
249.0,1,287,49,360,171
249.0,0,481,18,572,200
249.2,1,286,48,358,171
249.2,0,481,17,573,200
249.4,1,287,49,360,170
249.4,0,481,16,575,200
249.6,1,288,49,360,170
249.6,0,481,15,576,200
249.8,1,290,50,363,174
249.8,0,475,-2,578,199
250.0,1,295,53,370,178
250.0,0,482,-8,600,190
250.2,1,303,50,380,177
250.2,0,495,-12,626,186
250.4,1,306,47,386,175
250.4,0,500,-19,638,181
250.6,1,302,48,380,174
250.6,0,503,-27,645,180
250.8,1,301,48,380,171
250.8,0,507,-28,649,182
251.0,1,292,54,367,182
251.0,0,509,-28,650,183
251.2,1,289,56,358,180
251.2,0,511,-39,658,187
251.4,1,334,55,457,242
251.6,1,357,56,480,248
251.8,1,361,53,486,247
252.0,1,364,51,488,246
252.2,1,362,50,488,250
252.4,1,364,50,488,249
252.6,1,362,50,487,249
252.8,0,363,81,509,274
253.0,0,392,84,528,278
253.2,0,390,100,529,283
253.4,0,397,103,539,282
253.6,0,405,102,546,284
253.8,0,402,100,547,285
254.0,1,288,55,369,187
254.0,0,472,-5,581,200
254.2,1,280,55,361,189
254.2,0,470,-7,584,202
254.4,1,300,50,387,183
254.4,0,465,10,583,215
254.6,1,308,50,396,182
254.6,0,460,8,582,223
254.8,1,302,50,389,185
254.8,0,460,9,578,222
255.0,1,307,51,395,187
255.0,0,457,6,578,223
255.2,1,304,52,392,185
255.2,0,458,5,584,225
255.4,1,302,51,391,187
255.4,0,461,8,587,224
255.6,1,292,52,374,186
255.6,0,463,7,584,223
255.8,1,286,50,367,185
255.8,0,463,10,587,217
256.0,1,106,113,177,214
256.0,0,481,103,557,203
256.2,1,120,112,192,217
256.2,0,481,103,557,202
256.4,1,136,116,206,218
256.4,0,481,103,557,203
256.6,0,481,104,556,203
256.6,1,153,117,222,224
256.8,0,481,104,557,203
256.8,1,156,121,229,228
257.0,0,481,104,557,203
257.0,1,159,122,233,228
257.2,0,481,104,557,203
257.2,1,160,124,233,230
257.4,0,480,104,555,203
257.4,1,161,127,233,232
257.6,1,161,128,234,235
257.6,0,470,103,547,205
257.8,1,160,127,233,230
257.8,0,462,104,541,206
258.0,1,161,126,233,230
258.0,0,460,105,539,208
258.2,1,161,126,233,229
258.2,0,460,105,541,207
258.4,1,160,125,232,230
258.4,0,463,105,541,206
258.6,1,151,130,225,234
258.6,0,461,105,540,206
258.8,1,150,146,225,243
258.8,0,459,104,538,207
259.0,1,155,130,228,237
259.0,0,459,104,538,207
259.2,1,165,120,229,227
259.2,0,460,108,539,208
259.4,1,167,118,230,221
259.4,0,460,106,539,207
259.6,1,167,117,230,220
259.6,0,460,105,540,206
259.8,1,362,55,498,249
260.0,1,360,50,489,243
260.2,1,352,46,480,237
260.4,1,350,46,474,235
260.6,1,343,45,466,239
260.8,0,345,74,491,269
260.8,1,16,-26,223,335
261.0,0,345,73,491,272
261.0,1,-9,-20,208,322
261.2,0,346,73,492,272
261.2,1,-14,-19,201,325
261.4,1,-14,-15,196,331
261.4,0,349,70,497,271
261.6,0,351,75,498,268
261.6,1,-21,-9,185,339
261.8,0,351,74,497,265
261.8,1,-36,-1,170,346
262.0,0,349,73,497,265
262.0,1,-40,-8,171,352
262.2,1,150,115,216,213
262.2,0,469,125,536,216
262.4,1,158,116,220,219
262.4,0,469,125,536,216
262.6,1,158,117,220,217
262.6,0,469,126,536,216
262.8,1,155,117,219,216
262.8,0,469,126,536,215
263.0,1,155,117,218,218
263.0,0,469,126,535,215
263.2,1,156,117,218,215
263.2,0,468,125,535,216
263.4,1,145,116,211,213
263.4,0,468,124,535,217
263.6,1,135,115,204,212
263.6,0,468,125,536,216
263.8,1,130,113,197,209
263.8,0,469,125,536,216
264.0,1,127,111,193,207
264.0,0,469,124,535,216
264.2,1,122,112,189,207
264.2,0,469,125,536,216
264.4,1,114,112,182,208
264.4,0,470,124,536,216
264.6,1,106,116,173,211
264.6,0,470,125,536,217
264.8,1,102,118,173,215
264.8,0,470,124,536,217
265.0,1,313,46,438,233
265.2,1,306,48,432,240
265.4,1,300,49,426,237
265.6,1,298,46,424,236
265.8,1,296,48,421,234
266.0,1,285,51,409,240
266.2,1,271,53,398,243
266.4,1,257,57,391,246
266.6,1,259,55,392,244
266.8,1,268,55,401,243
267.0,1,259,62,396,245
267.2,1,259,55,394,241
267.4,1,265,51,396,236
267.6,1,268,49,397,235
267.8,1,270,47,397,233
268.0,1,268,48,397,232
268.2,1,270,47,397,232
268.4,1,271,46,398,231
268.6,1,271,46,399,229
268.8,1,266,52,399,237
269.0,1,271,49,400,231
269.2,1,279,44,405,225
269.4,1,279,42,406,232
269.6,1,280,42,406,236
269.8,1,280,41,408,227
270.0,1,280,42,408,228
270.2,1,282,41,410,224
270.4,1,282,42,410,224
270.6,1,283,42,410,224
270.8,0,528,194,561,254
271.0,0,527,194,560,254
271.2,0,526,194,562,254
271.4,0,526,194,563,255
271.6,0,526,194,563,255
271.8,0,526,194,562,256
272.0,0,526,194,562,255
272.2,0,526,194,562,255
272.4,0,526,194,562,255
272.6,0,527,194,562,255
272.8,0,527,196,560,256
273.0,0,526,196,559,256
273.2,0,526,195,561,256
273.4,0,254,51,387,240
273.6,0,254,50,387,240
273.8,0,255,50,389,241
274.0,0,256,48,390,240
274.2,0,255,49,389,240
274.4,0,256,49,389,240
274.6,0,256,49,389,241
274.8,0,256,47,390,240
275.0,0,256,47,390,240
275.2,0,255,48,390,239
275.4,1,201,114,218,138
275.6,7,616,55,640,89
275.6,1,208,112,225,136
275.8,7,597,56,621,89
275.8,3,603,155,620,180
276.0,7,579,55,602,88
276.0,3,585,153,602,178
276.2,7,559,54,582,87
276.2,8,627,150,642,171
276.2,3,566,151,582,176
276.4,7,536,52,560,86
276.4,8,605,148,620,171
276.4,3,544,149,561,175
276.6,7,515,52,538,84
276.6,8,581,146,596,170
276.6,3,522,149,539,174
276.8,7,493,51,516,84
276.8,-1,235,116,252,135
276.8,3,501,150,518,174
276.8,8,556,146,571,169
277.0,7,474,51,497,83
277.0,8,533,145,548,168
277.0,3,481,148,498,173
277.0,-1,239,116,256,136
277.2,7,458,49,481,82
277.2,-1,246,112,263,134
277.2,3,465,146,481,171
277.2,8,516,143,531,167
277.4,7,442,48,465,81
277.4,-1,251,105,268,128
277.4,3,449,147,466,171
277.4,8,502,143,516,165
277.6,7,429,48,452,81
277.6,-1,259,108,276,131
277.6,3,437,148,453,172
277.6,8,491,143,505,166
277.8,0,225,41,303,148
278.0,0,223,43,302,150
278.2,0,223,42,302,149
278.4,0,225,41,303,148
278.6,0,222,42,301,149
278.8,0,222,42,300,149
279.0,0,221,42,300,149
279.2,9,469,60,513,119
279.2,10,313,53,357,121
279.4,9,469,60,513,119
279.4,10,314,52,358,120
279.6,9,468,60,513,119
279.6,10,317,50,360,119
279.8,9,468,60,513,119
279.8,10,317,50,362,120
280.0,9,468,60,513,119
280.0,10,317,54,361,121
280.2,9,468,60,513,119
280.2,10,317,53,361,119
280.4,9,468,60,513,119
280.4,10,317,50,360,118
280.6,9,468,61,513,119
280.6,10,316,53,360,120
280.8,9,468,61,512,119
280.8,10,316,52,360,119
281.0,9,468,61,512,119
281.0,10,316,54,359,120
281.2,9,468,61,512,119
281.2,10,315,53,359,119
281.4,0,231,41,306,147
281.6,0,232,42,308,150
281.8,0,232,43,308,150
282.0,0,231,42,307,149
282.2,0,230,40,305,147
282.4,10,339,42,383,108
282.4,9,486,56,530,112
282.6,10,339,39,384,105
282.6,9,485,56,529,112
282.8,10,339,40,384,106
282.8,9,485,56,529,112
283.0,10,339,41,385,108
283.0,9,485,57,529,115
283.2,10,340,40,386,108
283.2,9,485,57,529,115
283.4,10,340,39,387,106
283.4,9,485,57,530,115
283.6,9,485,58,529,116
283.6,10,344,39,388,104
283.8,9,484,58,529,116
283.8,10,348,40,391,105
284.0,9,484,59,529,115
284.0,10,351,42,395,107
284.2,9,484,59,528,116
284.2,10,353,43,398,108
284.4,10,356,43,401,110
284.4,9,483,59,528,116
284.6,10,357,44,401,109
284.6,9,484,58,528,115
284.8,10,357,44,402,109
284.8,9,484,58,529,115
285.0,10,358,43,402,109
285.0,9,484,57,529,113
285.2,10,357,43,402,108
285.2,9,484,58,529,115
285.4,10,354,42,399,108
285.4,9,484,58,529,115
285.6,10,352,42,397,109
285.6,9,484,57,529,113
285.8,10,351,43,396,110
285.8,9,484,57,529,114
286.0,9,483,58,526,115
286.0,10,350,43,395,110
286.2,9,482,60,525,116
286.2,10,348,43,394,108
286.4,9,483,61,527,118
286.4,10,346,43,391,108
286.6,10,346,43,390,108
286.6,9,483,61,526,116
286.8,9,482,60,526,116
286.8,10,345,42,390,108
287.0,10,345,43,390,108
287.0,9,482,60,526,116
287.2,9,483,60,527,117
287.2,10,345,43,390,108
287.4,9,483,61,527,118
287.4,10,345,42,390,108
287.6,9,484,61,528,117
287.6,10,345,42,390,107
287.8,10,346,46,391,113
287.8,9,484,61,528,116
288.0,10,347,47,391,114
288.0,9,484,59,528,116
288.2,9,484,60,528,116
288.2,10,347,48,392,115
288.4,9,484,60,528,117
288.4,10,347,48,392,115
288.6,9,484,61,529,119
288.6,10,347,48,392,115
288.8,9,483,62,528,119
288.8,10,347,48,392,115
289.0,9,483,62,527,121
289.0,10,347,48,392,115
289.2,9,483,62,527,121
289.2,10,348,48,393,115
289.4,9,483,62,527,121
289.4,10,349,48,394,115
289.6,9,483,62,527,122
289.6,10,349,48,395,115
289.8,9,483,61,527,122
289.8,10,349,48,395,116
290.0,9,482,60,527,119
290.0,10,350,48,396,116
290.2,9,482,59,527,117
290.2,10,357,48,401,114
290.4,9,481,59,526,117
290.4,10,357,47,402,113
290.6,9,481,60,525,117
290.6,10,351,42,395,111
290.8,0,230,38,307,146
291.0,0,231,43,307,149
291.2,0,232,43,308,150
291.4,0,232,42,309,150
291.6,0,232,42,309,149
291.8,0,233,42,309,148
292.0,0,232,41,309,148
292.2,0,232,41,309,148
292.4,0,232,40,309,148
292.6,9,468,61,512,121
292.6,10,324,35,367,96
292.8,9,468,61,513,121
292.8,10,327,34,370,95
293.0,9,469,61,513,121
293.0,10,333,35,376,96
293.2,9,469,61,513,121
293.2,10,335,34,379,95
293.4,9,469,61,513,121
293.4,10,333,35,377,94
293.6,9,470,61,514,121
293.6,10,332,36,375,96
293.8,9,469,61,513,121
293.8,10,330,37,374,98
294.0,9,469,61,513,121
294.0,10,328,37,372,101
294.2,9,469,60,513,121
294.2,10,327,37,371,103
294.4,9,469,61,513,121
294.4,10,331,38,373,103
294.6,9,469,60,513,121
294.6,10,330,38,372,104
294.8,9,468,60,513,121
294.8,10,325,36,369,99
295.0,9,468,60,513,121
295.0,10,324,35,367,98
295.2,9,468,60,513,121
295.2,10,324,35,366,97
295.4,9,468,60,513,121
295.4,10,324,36,367,102
295.6,9,468,60,513,120
295.6,10,323,40,367,108
295.8,9,468,60,513,120
295.8,10,321,40,366,106
296.0,9,468,60,513,120
296.0,10,322,41,367,106
296.2,9,468,60,513,120
296.2,10,324,40,368,105
296.4,9,468,60,513,120
296.4,10,322,39,366,105
296.6,9,468,60,513,120
296.6,10,322,38,365,104
296.8,9,468,60,513,120
296.8,10,321,37,365,103
297.0,9,468,60,512,120
297.0,10,324,37,367,103
297.2,9,468,60,512,120
297.2,10,325,34,368,101
297.4,9,468,60,512,119
297.4,10,323,33,367,98
297.6,9,468,60,512,119
297.6,10,327,32,372,97
297.8,9,468,60,512,119
297.8,10,327,32,371,100
298.0,9,468,60,512,120
298.0,10,326,32,371,99
298.2,9,468,60,512,120
298.2,10,326,33,371,100
298.4,9,468,60,512,120
298.4,10,326,34,372,104
298.6,9,468,60,512,119
298.6,10,323,40,369,113
298.8,9,468,60,512,119
298.8,10,321,42,367,114
299.0,9,468,60,512,119
299.0,10,318,44,366,117
299.2,0,233,53,366,242
299.4,0,233,56,367,243
299.6,0,233,56,367,243
299.8,0,233,56,367,243
300.0,0,234,54,368,243
300.2,0,235,55,369,244
300.4,0,235,56,369,244
300.6,0,235,56,369,244
300.8,0,236,57,370,244
301.0,0,235,58,369,244
301.2,0,234,53,368,243
301.4,0,225,53,358,240
301.6,0,217,49,350,238
301.8,0,219,49,350,238
302.0,0,221,48,352,237
302.2,7,391,42,414,74
302.2,1,223,153,242,180
302.2,3,366,138,389,168
302.2,8,443,144,459,167
302.4,1,225,157,245,183
302.4,7,391,42,414,74
302.4,3,366,138,389,169
302.4,8,444,144,459,167
302.6,7,391,42,414,74
302.6,3,366,138,389,169
302.6,1,230,160,249,186
302.6,8,444,144,459,166
302.8,7,391,42,414,74
302.8,3,366,138,389,169
302.8,1,234,162,255,187
302.8,8,444,144,459,166
303.0,7,391,42,414,74
303.0,3,366,140,389,169
303.0,1,238,166,258,189
303.0,8,444,143,459,166
303.2,7,391,42,414,74
303.2,3,366,141,390,169
303.2,1,239,166,260,189
303.2,8,443,144,459,166
303.4,7,391,42,414,74
303.4,3,366,141,389,169
303.4,1,239,167,259,190
303.4,8,444,144,459,166
303.6,7,391,42,414,74
303.6,3,366,140,390,169
303.6,1,238,167,259,190
303.6,8,444,144,459,167
303.8,7,391,42,414,74
303.8,3,366,139,390,169
303.8,1,238,166,259,190
303.8,8,444,144,460,167
304.0,7,391,42,414,74
304.0,3,366,139,390,169
304.0,1,239,167,259,190
304.0,8,444,145,460,167
304.2,1,348,44,442,194
304.4,1,356,52,455,201
304.6,1,347,48,443,198
304.8,1,352,59,450,206
305.0,1,350,56,441,201
305.2,1,350,55,445,197
305.4,1,353,55,449,199
305.6,1,353,54,448,197
305.8,7,393,48,415,80
305.8,3,353,145,377,174
305.8,1,241,174,262,199
305.8,8,451,145,467,169
306.0,7,393,48,415,80
306.0,1,241,174,262,199
306.0,3,357,145,381,173
306.0,8,451,145,467,169
306.2,7,393,48,415,80
306.2,3,360,139,384,171
306.2,1,242,175,262,199
306.2,8,451,145,466,168
306.4,7,393,48,415,81
306.4,3,363,139,387,170
306.4,1,242,175,262,199
306.4,8,450,146,465,169
306.6,7,393,48,415,81
306.6,3,364,140,388,171
306.6,1,241,173,262,197
306.6,8,449,146,463,169
306.8,7,393,48,416,81
306.8,3,362,139,386,171
306.8,1,239,165,260,192
306.8,8,447,147,461,171
307.0,1,238,165,259,192
307.0,7,392,48,416,81
307.0,3,357,142,381,171
307.0,8,446,149,461,171
307.2,7,392,48,416,81
307.2,1,238,170,259,196
307.2,3,353,145,375,172
307.2,8,446,149,461,172
307.4,7,393,48,416,81
307.4,3,351,145,373,173
307.4,8,446,150,461,173
307.4,1,238,178,259,200
307.6,7,393,48,415,81
307.6,3,351,147,373,174
307.6,8,446,151,462,173
307.6,-1,236,181,257,204
307.8,7,393,48,415,81
307.8,3,352,147,374,175
307.8,8,446,151,462,173
307.8,-1,233,179,251,198
307.8,-1,256,46,270,67
308.0,7,393,48,415,81
308.0,3,352,147,375,175
308.0,8,446,151,462,173
308.0,-1,223,176,241,196
308.2,3,164,52,230,138
308.2,4,440,84,491,154
308.4,3,165,53,230,136
308.4,4,440,83,491,154
308.6,3,167,53,235,142
308.6,4,440,83,491,154
308.8,3,170,55,237,145
308.8,4,440,84,491,154
309.0,3,169,54,237,144
309.0,4,440,83,491,154
309.2,3,169,56,236,144
309.2,4,440,82,491,153
309.4,3,169,55,237,143
309.4,4,440,84,491,154
309.6,3,169,55,236,143
309.6,4,441,84,491,154
309.8,3,167,56,235,144
309.8,4,441,84,491,154
310.0,3,170,57,237,144
310.0,4,441,84,492,154
310.2,3,169,54,236,144
310.2,4,441,85,492,155
310.4,3,166,54,234,141
310.4,4,441,85,492,155
310.6,3,165,54,233,142
310.6,4,443,85,493,154
310.8,3,165,54,232,142
310.8,4,443,84,493,154
311.0,3,165,56,231,143
311.0,4,440,83,491,155
311.2,3,166,55,235,142
311.2,4,442,85,492,157
311.4,3,167,53,233,140
311.4,4,442,85,492,158
311.6,3,167,53,234,139
311.6,4,441,86,492,159
311.8,3,166,53,232,138
311.8,4,440,86,490,159
312.0,3,165,53,229,137
312.0,4,439,86,490,156
312.2,7,391,42,414,74
312.2,3,370,131,395,161
312.2,1,238,164,259,188
312.2,8,444,145,460,168
312.4,7,391,42,414,74
312.4,1,236,158,257,184
312.4,3,370,132,394,160
312.4,8,444,145,460,168
312.6,1,233,152,254,180
312.6,7,391,42,414,74
312.6,3,370,131,394,160
312.6,8,444,144,460,168
312.8,1,232,150,251,177
312.8,7,391,42,414,74
312.8,3,370,132,394,160
312.8,8,444,144,460,167
313.0,7,391,42,414,74
313.0,1,230,149,250,175
313.0,3,370,131,394,161
313.0,8,444,144,460,167
313.2,7,391,42,414,74
313.2,1,230,148,249,174
313.2,3,370,131,394,161
313.2,8,444,144,460,167
313.4,7,391,42,414,74
313.4,3,370,131,394,161
313.4,1,230,148,250,174
313.4,8,444,144,460,167
313.6,7,391,42,414,74
313.6,1,230,148,250,174
313.6,3,370,131,393,161
313.6,8,444,144,460,167
313.8,3,370,129,395,161
313.8,7,391,42,414,74
313.8,1,231,148,250,174
313.8,8,444,144,459,166
314.0,3,370,129,396,162
314.0,1,231,149,250,175
314.0,7,391,42,414,74
314.0,8,444,143,459,166
314.2,1,232,149,252,177
314.2,3,371,129,396,162
314.2,7,391,42,414,74
314.2,8,443,143,458,166
314.4,1,233,153,254,180
314.4,3,371,129,396,162
314.4,7,391,42,414,74
314.4,8,442,142,456,165
314.6,7,391,42,414,74
314.6,1,234,162,256,187
314.6,3,368,130,394,162
314.6,8,441,141,456,165
314.8,7,391,42,414,74
314.8,3,368,130,393,161
314.8,1,233,173,255,192
314.8,8,441,141,456,165
315.0,7,391,42,414,74
315.0,3,368,131,393,162
315.0,8,440,141,455,165
315.0,-1,231,181,251,196
315.2,7,391,42,414,74
315.2,3,368,132,393,162
315.2,8,440,141,456,165
315.2,-1,231,180,250,196
315.4,7,391,42,414,74
315.4,3,368,133,392,161
315.4,8,440,141,456,165
315.4,1,230,178,249,195
315.6,3,149,50,217,135
315.6,4,439,84,489,155
315.8,3,149,51,217,135
315.8,4,439,86,489,158
316.0,3,150,51,218,136
316.0,4,439,88,488,160
316.2,3,151,51,219,137
316.2,4,438,86,489,156
316.4,3,151,52,219,137
316.4,4,438,87,489,156
316.6,3,151,52,219,138
316.6,4,438,87,488,156
316.8,7,391,42,414,74
316.8,3,368,132,392,161
316.8,8,440,142,456,165
316.8,1,230,177,249,195
317.0,7,391,42,414,74
317.0,3,367,133,391,162
317.0,8,440,141,457,165
317.0,1,226,171,246,190
317.2,7,391,42,414,74
317.2,3,367,133,390,162
317.2,8,441,141,457,165
317.2,1,223,163,241,184
317.4,7,391,42,414,74
317.4,1,218,155,237,180
317.4,3,366,132,389,161
317.4,8,440,140,456,164
317.6,7,391,42,414,74
317.6,1,219,148,237,175
317.6,3,366,132,388,160
317.6,8,441,140,457,164
317.8,7,391,42,414,74
317.8,1,223,146,241,173
317.8,3,366,132,388,159
317.8,8,441,138,457,164
318.0,7,391,42,414,74
318.0,3,366,132,388,159
318.0,8,441,139,457,163
318.0,1,230,147,247,174
318.2,7,391,42,414,74
318.2,3,367,131,388,159
318.2,8,441,139,457,163
318.2,1,236,149,252,175
318.4,7,391,42,414,74
318.4,3,368,132,389,159
318.4,8,441,139,456,163
318.4,1,241,152,257,177
318.6,1,326,41,423,178
318.8,1,323,51,428,197
319.0,1,324,51,426,195
319.2,1,326,46,425,188
319.4,1,327,46,426,187
319.6,1,330,47,428,192
319.8,1,331,48,428,190
320.0,1,330,48,428,185
320.2,4,444,84,494,156
320.2,3,159,52,225,133
320.4,3,160,49,226,132
320.4,4,444,85,494,156
320.6,3,163,51,229,133
320.6,4,444,86,494,156
320.8,3,167,47,233,122
320.8,4,444,86,494,156
321.0,4,444,85,494,156
321.0,3,174,49,240,131
321.2,3,184,57,252,147
321.2,4,445,86,495,156
321.4,3,193,65,261,157
321.4,4,445,85,495,156
321.6,3,195,65,263,160
321.6,4,444,87,494,155
321.8,4,444,87,494,155
321.8,3,194,68,264,161
322.0,4,445,87,494,156
322.0,3,192,65,262,159
322.2,4,444,87,494,156
322.2,3,184,58,251,147
322.4,4,444,86,494,156
322.4,3,169,63,238,152
322.6,4,445,85,494,157
322.6,3,152,60,220,149
322.8,4,445,84,494,156
322.8,3,144,55,209,138
323.0,4,446,84,495,155
323.0,3,142,54,208,132
323.2,4,446,84,495,154
323.2,3,146,53,210,131
323.4,3,148,54,213,132
323.4,4,446,84,495,156
323.6,7,392,52,415,85
323.6,3,367,144,388,174
323.6,8,451,148,468,171
323.6,8,263,148,279,175
323.8,7,392,52,415,85
323.8,3,367,145,389,174
323.8,8,450,148,465,171
323.8,-1,264,135,280,163
324.0,7,392,52,415,85
324.0,3,369,143,391,172
324.0,8,449,148,464,171
324.0,1,262,120,278,147
324.2,7,392,52,415,85
324.2,3,372,141,395,171
324.2,8,450,148,465,171
324.2,1,258,115,273,142
324.4,7,392,52,415,85
324.4,3,376,142,397,169
324.4,8,450,147,465,171
324.4,1,259,113,275,139
324.6,7,392,51,415,85
324.6,3,378,142,400,171
324.6,1,275,115,291,140
324.6,8,451,147,465,170
324.8,7,392,52,415,86
324.8,3,379,141,403,170
324.8,1,291,113,308,139
324.8,8,452,147,466,170
325.0,7,392,51,416,86
325.0,3,380,141,403,171
325.0,1,300,112,317,139
325.0,8,452,146,466,169
325.2,7,392,51,415,85
325.2,3,379,142,403,171
325.2,1,303,113,318,141
325.2,8,454,146,467,169
325.4,7,392,52,415,85
325.4,3,379,142,403,171
325.4,1,300,116,316,143
325.4,8,455,146,468,170
325.4,11,256,53,270,72
325.6,7,392,52,415,86
325.6,3,379,143,402,172
325.6,1,296,120,312,148
325.6,8,456,147,469,170
325.8,7,392,52,415,85
325.8,3,379,143,402,171
325.8,8,457,146,470,170
325.8,1,294,118,309,145
326.0,7,392,52,415,85
326.0,3,379,143,403,171
326.0,8,457,147,471,169
326.0,1,294,115,309,141
326.0,11,255,52,270,73
326.2,7,392,52,415,85
326.2,3,380,143,403,171
326.2,8,457,146,471,169
326.2,1,298,114,313,142
326.2,11,256,53,270,71
326.4,7,392,52,415,85
326.4,3,380,143,404,171
326.4,8,456,147,470,169
326.4,1,299,115,315,142
326.6,7,392,52,415,86
326.6,3,380,142,404,172
326.6,8,454,146,469,170
326.6,1,301,116,317,144
326.8,7,392,52,415,86
326.8,3,380,142,405,172
326.8,1,301,116,317,144
326.8,8,452,146,466,170
326.8,12,152,78,167,94
327.0,7,392,52,415,86
327.0,3,380,143,405,172
327.0,1,303,121,319,148
327.0,8,452,146,466,170
327.0,12,152,78,167,95
327.2,7,392,52,415,86
327.2,3,380,143,405,172
327.2,8,451,150,466,173
327.2,1,310,124,325,151
327.2,12,152,78,167,95
327.4,7,392,52,415,86
327.4,3,380,143,405,172
327.4,8,449,150,464,173
327.4,1,315,127,331,155
327.4,12,152,78,167,95
327.6,3,156,53,223,136
327.6,4,446,84,495,157
327.8,4,445,84,494,156
327.8,3,156,53,223,136
328.0,4,445,84,494,156
328.0,3,156,54,223,136
328.2,4,443,84,493,154
328.2,3,157,53,223,135
328.4,4,444,84,494,155
328.4,3,157,53,223,135
328.6,4,445,84,495,156
328.6,3,157,53,223,135
328.8,4,447,86,496,156
328.8,3,157,53,224,135
329.0,4,447,87,495,156
329.0,3,157,53,224,134
329.2,5,256,53,353,198
329.4,5,253,55,351,198
329.6,5,252,54,350,196
329.8,5,251,55,349,200
330.0,5,253,55,351,201
330.2,5,255,56,353,201
330.4,5,255,55,353,200
330.6,5,251,52,348,200
330.8,5,247,48,344,193
331.0,5,249,49,346,188
331.2,5,253,47,349,190
331.4,5,256,49,353,191
331.6,5,257,51,355,193
331.8,5,257,52,355,199
332.0,5,256,53,354,201
332.2,5,258,54,356,199
332.4,5,258,55,356,200
332.6,5,257,56,355,200
332.8,1,324,41,422,181
333.0,1,320,47,412,188
333.2,1,322,48,421,195
333.4,1,323,52,425,198
333.6,1,322,51,425,194
333.8,1,319,52,423,196
334.0,1,319,50,422,192
334.2,7,392,59,416,91
334.2,3,386,150,411,177
334.2,8,455,154,471,179
334.2,8,287,125,305,151
334.4,7,393,59,415,91
334.4,8,454,155,470,180
334.4,3,386,151,410,178
334.4,8,292,125,307,151
334.6,7,392,59,415,91
334.6,3,386,152,410,178
334.6,8,453,155,469,179
334.6,8,289,125,304,151
334.8,7,392,58,416,92
334.8,3,386,152,410,178
334.8,8,452,156,468,179
334.8,1,283,121,298,148
335.0,7,392,58,416,92
335.0,3,386,152,410,178
335.0,1,282,121,299,149
335.0,8,452,156,468,180
335.2,7,392,58,415,91
335.2,3,386,152,410,178
335.2,-1,282,122,301,150
335.2,8,452,156,468,179
335.4,7,392,58,415,91
335.4,3,385,153,410,180
335.4,1,283,122,301,151
335.4,8,452,156,468,179
335.6,7,392,59,415,91
335.6,3,380,154,405,182
335.6,8,453,156,468,179
335.6,1,286,122,302,150
335.8,7,392,58,415,91
335.8,3,375,151,400,179
335.8,8,453,156,468,179
335.8,1,295,124,311,152
336.0,3,371,144,396,173
336.0,7,392,58,416,91
336.0,8,452,156,468,179
336.0,1,305,128,320,155
336.2,7,392,58,416,91
336.2,3,370,142,395,170
336.2,8,452,156,467,179
336.2,1,308,129,324,157
336.4,7,392,58,415,91
336.4,3,372,142,397,170
336.4,1,316,131,331,157
336.4,8,451,156,467,179
336.6,7,392,58,415,91
336.6,3,377,145,401,173
336.6,1,321,134,337,162
336.6,8,451,154,466,178
336.8,7,392,58,415,91
336.8,3,385,148,408,174
336.8,1,322,136,338,162
336.8,8,451,154,466,178
337.0,7,392,58,415,91
337.0,3,389,147,412,174
337.0,1,320,134,337,161
337.0,8,452,155,467,178
337.2,3,151,54,218,141
337.2,4,444,85,494,153
337.4,3,151,52,218,141
337.4,4,444,84,494,153
337.6,3,154,52,221,139
337.6,4,444,84,494,153
337.8,3,164,51,231,136
337.8,4,444,84,494,153
338.0,3,177,52,244,136
338.0,4,445,84,494,153
338.2,3,180,52,248,135
338.2,4,445,85,494,153
338.4,3,186,53,253,133
338.4,4,445,85,494,153
338.6,3,183,53,250,137
338.6,4,445,85,494,153
338.8,4,445,84,494,153
338.8,3,176,52,241,137
339.0,3,166,50,231,133
339.0,4,445,85,494,153
339.2,3,154,52,222,133
339.2,4,445,85,494,153
339.4,3,145,54,213,136
339.4,4,445,85,494,154
339.6,4,444,84,494,156
339.6,3,139,54,208,138
339.8,4,443,86,493,158
339.8,3,139,54,208,139
340.0,4,442,84,492,156
340.0,3,140,54,208,140
340.2,4,443,84,493,156
340.2,3,141,55,209,139
340.4,4,444,84,494,157
340.4,3,141,54,209,139
340.6,4,446,85,495,156
340.6,3,141,55,209,139
340.8,4,446,86,495,156
340.8,3,141,54,209,139
341.0,4,446,86,495,154
341.0,3,141,54,209,139
341.2,4,446,86,495,154
341.2,3,141,54,210,139
341.4,0,263,55,397,247
341.6,0,263,56,398,246
341.8,0,262,53,396,244
342.0,0,262,48,396,242
342.2,0,265,49,397,242
342.4,0,265,49,399,241
342.6,0,265,51,399,243
342.8,0,265,49,400,244
343.0,0,267,53,401,243
343.2,0,267,53,401,244
343.4,0,268,53,401,245
343.6,0,269,51,402,245
343.8,0,270,52,402,245
344.0,0,270,52,402,245
344.2,0,270,53,403,245
344.4,0,270,51,402,245
344.6,0,270,51,402,245
344.8,0,270,51,403,245
345.0,0,270,50,403,245
345.2,13,322,65,420,204
345.4,13,320,64,419,203
345.6,13,316,64,416,204
345.8,13,316,69,416,211
346.0,13,313,72,415,214
346.2,13,315,69,415,211
346.4,13,320,71,419,212
346.6,13,319,72,420,215
346.8,13,319,72,418,216
347.0,13,317,77,417,216
347.2,13,319,75,418,214
347.4,14,493,122,526,162
347.4,15,413,133,437,162
347.4,13,257,79,288,116
347.4,16,330,120,360,160
347.4,17,300,183,323,220
347.4,18,71,127,82,141
347.4,19,146,135,159,155
347.6,16,330,119,359,159
347.6,15,412,132,436,162
347.6,14,490,129,525,167
347.6,17,301,183,323,221
347.6,13,268,80,297,116
347.6,18,72,127,83,141
347.6,19,123,134,132,152
347.8,16,329,119,358,158
347.8,15,412,132,436,161
347.8,14,488,129,524,167
347.8,17,301,184,324,223
347.8,13,273,84,301,119
347.8,18,72,127,83,141
348.0,16,328,118,356,157
348.0,14,488,128,524,167
348.0,13,265,88,295,125
348.0,15,412,130,437,160
348.0,17,300,183,323,221
348.0,19,68,133,78,150
348.2,16,326,117,354,156
348.2,14,488,129,523,167
348.2,13,267,88,296,123
348.2,15,414,129,438,159
348.2,17,301,184,323,222
348.2,18,69,127,80,140
348.4,16,325,117,355,156
348.4,14,486,129,517,168
348.4,17,299,183,323,221
348.4,15,415,129,439,158
348.4,13,277,90,303,124
348.4,18,67,126,79,141
348.6,16,327,116,357,156
348.6,15,415,128,439,158
348.6,17,299,183,323,222
348.6,14,485,126,513,163
348.6,13,281,94,309,128
348.6,18,64,126,75,141
348.8,16,329,116,357,154
348.8,15,414,128,438,158
348.8,13,282,93,309,128
348.8,17,297,183,322,222
348.8,14,484,125,511,162
348.8,18,60,125,72,141
349.0,16,330,115,358,154
349.0,14,483,125,510,162
349.0,17,298,182,323,222
349.0,15,413,129,436,158
349.0,13,283,94,310,128
349.0,18,58,126,70,141
349.2,16,331,115,359,153
349.2,14,483,125,510,162
349.2,15,412,129,435,158
349.2,17,298,181,321,219
349.2,18,58,126,70,141
349.2,13,284,97,313,130
349.4,16,332,115,360,153
349.4,14,481,124,509,162
349.4,13,282,95,311,130
349.4,15,411,129,435,158
349.4,18,59,126,71,142
349.4,17,297,182,320,218
349.6,16,333,115,361,153
349.6,14,481,124,509,162
349.6,15,411,129,434,158
349.6,13,278,94,307,129
349.6,17,294,183,318,216
349.6,18,66,127,78,142
349.8,16,334,114,363,152
349.8,13,273,93,303,128
349.8,14,480,124,508,162
349.8,15,411,128,435,158
349.8,17,292,184,317,216
349.8,18,77,128,88,143
350.0,16,336,118,365,158
350.0,14,480,124,508,162
350.0,13,274,92,304,128
350.0,15,410,129,435,159
350.0,17,297,182,319,218
350.0,18,85,129,96,143
350.2,16,338,117,369,157
350.2,13,274,92,305,127
350.2,14,480,126,508,163
350.2,15,411,128,434,158
350.2,17,299,182,321,220
350.2,18,90,129,101,143
350.4,16,340,117,370,158
350.4,13,274,93,305,128
350.4,14,480,125,508,163
350.4,15,411,128,434,159
350.4,18,96,129,107,143
350.4,17,300,185,321,220
350.6,16,342,117,371,157
350.6,14,480,125,508,162
350.6,15,411,129,435,159
350.6,13,274,89,305,126
350.6,18,99,129,112,143
350.6,17,301,186,322,222
350.8,16,343,117,373,157
350.8,13,271,85,302,122
350.8,14,481,125,508,162
350.8,15,411,129,435,159
350.8,17,303,188,322,223
350.8,18,101,129,113,143
351.0,16,344,118,374,158
351.0,13,258,84,289,121
351.0,14,481,124,509,162
351.0,15,411,129,435,159
351.0,17,303,188,324,224
351.0,18,102,128,114,143
351.2,13,235,80,266,117
351.2,16,344,118,374,159
351.2,14,482,124,510,162
351.2,15,412,129,436,158
351.2,18,104,128,116,143
351.2,17,304,189,326,226
351.4,13,209,79,241,115
351.4,14,481,124,509,163
351.4,15,412,129,436,159
351.4,16,343,120,373,159
351.4,18,106,128,118,143
351.4,17,303,188,326,226
351.6,14,481,123,509,162
351.6,15,413,129,437,159
351.6,16,343,121,372,159
351.6,17,301,186,325,224
351.6,18,110,128,123,143
351.6,13,190,83,210,116
351.8,14,480,122,508,162
351.8,15,413,129,438,159
351.8,16,342,120,370,160
351.8,17,301,184,325,224
351.8,18,117,128,129,143
351.8,-1,186,84,202,117
352.0,16,340,120,369,159
352.0,17,298,182,324,222
352.0,14,480,121,507,161
352.0,15,414,130,439,161
352.0,18,125,128,137,142
352.2,16,341,119,369,158
352.2,15,415,130,440,161
352.2,17,301,181,323,220
352.2,14,481,120,508,160
352.2,18,131,128,144,143
352.4,16,344,119,373,158
352.4,15,418,131,444,162
352.4,17,302,182,323,220
352.4,14,480,119,507,160
352.4,-1,134,127,145,142
352.6,16,346,121,375,159
352.6,15,422,131,449,162
352.6,14,480,120,507,160
352.6,17,301,181,322,220
352.8,15,426,130,453,162
352.8,16,350,121,378,159
352.8,17,301,182,322,220
352.8,14,479,120,506,160
353.0,15,228,45,305,150
353.2,15,227,47,305,151
353.4,15,227,49,305,156
353.6,15,228,49,305,157
353.8,15,228,48,305,156
354.0,15,229,48,306,158
354.2,15,229,48,306,157
354.4,15,228,48,306,156
354.6,15,229,49,306,157
354.8,15,228,49,306,157
355.0,15,229,50,307,156
355.2,15,228,50,306,154
355.4,9,484,62,528,121
355.4,10,343,40,387,103
355.6,9,483,63,527,122
355.6,10,341,40,385,103
355.8,9,482,62,527,122
355.8,10,340,40,384,103
356.0,9,483,62,528,121
356.0,10,340,40,385,104
356.2,9,483,62,527,121
356.2,10,341,40,386,105
356.4,9,482,62,527,121
356.4,10,341,40,386,106
356.6,9,481,62,525,121
356.6,10,343,40,388,106
356.8,9,481,63,525,121
356.8,10,344,41,388,106
357.0,9,480,63,524,122
357.0,10,347,41,391,107
357.2,9,479,63,523,122
357.2,10,349,43,393,109
357.4,9,478,62,523,123
357.4,10,350,44,395,110
357.6,20,230,34,313,161
357.8,20,229,35,312,169
358.0,20,230,37,314,169
358.2,20,230,35,313,166
358.4,20,229,36,312,167
358.6,20,231,36,313,165
358.8,20,232,37,314,165
359.0,20,232,37,314,166
359.2,20,238,34,322,165
359.4,20,241,37,327,174
359.6,20,240,38,326,171
359.8,20,238,42,325,172
360.0,0,235,37,313,148
360.2,0,232,41,310,149
360.4,0,233,40,311,150
360.6,0,234,43,310,149
360.8,0,233,43,310,149
361.0,0,233,42,311,149
361.2,0,235,40,313,149
361.4,0,235,40,312,149
361.6,0,233,41,311,149
361.8,0,233,40,311,148
362.0,15,224,47,300,151
362.2,15,225,48,302,154
362.4,15,223,51,299,156
362.6,15,224,50,300,160
362.8,15,224,52,300,162
363.0,15,223,52,299,162
363.2,15,222,53,299,163
363.4,15,222,53,298,161
363.6,15,222,54,298,160
363.8,15,220,53,298,159
364.0,17,217,51,274,133
364.0,16,365,29,428,119
364.2,17,217,51,273,133
364.2,16,365,30,428,119
364.4,17,216,52,274,132
364.4,16,365,30,428,119
364.6,17,217,53,274,135
364.6,16,365,29,428,119
364.8,17,218,54,275,136
364.8,16,365,30,428,119
365.0,17,218,53,274,135
365.0,16,366,29,428,119
365.2,17,218,54,275,135
365.2,16,366,30,429,119
365.4,17,218,54,275,136
365.4,16,366,30,429,119
365.6,17,219,54,275,135
365.6,16,366,29,428,118
365.8,17,219,54,276,135
365.8,16,364,29,428,118
366.0,13,328,62,423,199
366.2,13,321,67,420,209
366.4,13,315,72,417,209
366.6,13,317,69,418,207
366.8,13,320,67,418,199
367.0,13,321,60,419,200
367.2,13,320,60,417,195
367.4,13,312,67,413,203
367.6,13,308,83,411,219
367.8,13,305,93,409,229
368.0,13,305,95,411,231
368.2,13,307,94,410,228
368.4,15,221,50,299,154
368.6,15,220,47,300,150
368.8,15,222,49,300,153
369.0,15,223,49,299,151
369.2,15,224,51,300,151
369.4,15,224,50,301,149
369.6,21,405,137,417,154
369.8,21,395,130,407,148
370.0,21,386,133,399,152
370.2,21,379,132,392,152
370.4,-1,379,131,393,151
370.6,20,383,135,396,156
370.8,20,387,130,400,151
371.0,20,384,132,398,154
371.2,20,374,138,389,161
371.4,20,372,133,388,157
371.6,20,374,138,390,162
371.6,15,615,158,626,170
371.8,20,373,130,390,155
371.8,-1,599,158,609,171
372.0,20,368,134,385,161
372.2,20,361,127,379,155
372.2,-1,621,156,633,169
372.4,20,360,125,380,154
372.4,15,546,161,557,174
372.4,-1,606,160,615,172
372.6,20,362,127,382,157
372.6,15,530,160,542,174
372.8,20,359,115,380,147
372.8,15,518,160,529,173
373.0,20,351,123,373,156
373.0,15,505,161,518,174
373.0,-1,524,153,535,167
373.2,20,341,117,364,153
373.2,15,494,159,506,172
373.2,-1,552,156,561,169
373.4,20,337,116,361,153
373.4,15,483,160,495,174
373.4,22,535,155,547,170
373.4,17,468,160,477,172
373.6,20,336,123,361,163
373.6,15,472,160,483,174
373.6,22,521,156,533,171
373.6,17,452,158,461,171
373.6,-1,484,152,494,166
373.8,20,326,110,353,151
373.8,15,464,159,476,172
373.8,22,509,154,520,168
373.8,17,438,160,447,172
374.0,20,305,118,336,163
374.0,22,498,156,510,171
374.0,15,462,161,473,174
374.0,17,422,160,433,174
374.2,20,282,104,314,154
374.2,22,489,154,501,170
374.2,15,458,159,470,173
374.2,16,442,150,453,165
374.2,17,409,158,419,170
374.4,20,267,92,301,143
374.4,15,457,158,470,172
374.4,22,477,154,490,169
374.4,16,432,153,443,167
374.6,15,456,159,468,173
374.6,20,256,91,292,148
374.6,17,388,158,398,172
374.6,16,423,153,435,168
374.8,20,243,70,284,129
374.8,15,455,156,468,171
374.8,17,379,161,389,174
374.8,16,414,151,425,167
375.0,20,232,63,272,127
375.0,15,457,158,470,173
375.0,16,403,153,414,170
375.0,17,368,158,379,174
375.0,22,443,155,455,170
375.2,15,459,160,473,176
375.2,22,440,157,452,173
375.2,17,359,158,370,173
375.2,16,392,150,405,167
375.2,20,220,58,255,124
375.4,15,458,157,472,173
375.4,22,435,154,448,170
375.4,17,351,160,363,176
375.4,16,387,152,399,168
375.4,8,217,55,243,113
375.6,15,458,157,471,174
375.6,17,345,158,357,174
375.6,22,431,156,444,172
375.6,16,383,153,396,170
375.6,8,217,56,243,113
375.8,15,460,158,473,174
375.8,22,426,157,439,174
375.8,17,339,162,351,178
375.8,16,379,150,391,167
375.8,8,209,41,238,104
376.0,20,180,26,227,108
376.0,22,424,156,437,172
376.0,15,463,159,476,175
376.0,16,372,154,385,171
376.0,17,334,159,346,176
376.2,20,133,20,189,105
376.2,15,466,158,479,175
376.2,17,332,163,345,179
376.2,22,424,158,437,175
376.2,16,367,154,380,172
376.4,20,94,19,154,107
376.4,15,468,162,481,178
376.4,22,423,157,436,174
376.4,17,329,163,341,179
376.4,16,364,157,378,174
376.6,20,55,25,116,121
376.6,22,422,157,435,175
376.6,15,465,167,479,184
376.6,17,324,165,336,182
376.6,16,365,160,380,179
376.8,17,319,165,332,182
376.8,22,420,160,434,179
376.8,15,467,165,483,183
376.8,20,6,27,76,134
376.8,16,363,156,379,176
377.0,22,419,160,434,178
377.0,15,473,170,488,188
377.0,16,362,161,378,180
377.0,17,317,167,329,184
377.0,-1,189,146,195,153
377.2,15,477,168,493,186
377.2,22,419,163,434,182
377.2,16,359,163,376,183
377.2,17,316,170,329,188
377.4,20,226,35,308,162
377.6,20,226,33,309,161
377.8,20,226,33,309,160
378.0,20,226,35,309,163
378.2,20,226,35,308,164
378.4,20,226,35,309,162
378.6,20,226,36,309,164
378.8,20,227,35,309,166
379.0,20,226,34,310,160
379.2,20,227,33,310,161
379.4,20,227,36,309,164
379.6,20,227,37,310,167
379.8,20,227,37,310,166
380.0,20,270,41,306,94
380.0,23,372,62,406,117
380.0,24,153,58,190,113
380.2,20,269,41,305,94
380.2,23,372,62,406,117
380.2,24,155,58,192,113
380.4,20,267,40,303,94
380.4,23,371,63,405,121
380.4,24,155,56,193,115
380.6,20,266,39,302,92
380.6,24,156,58,194,117
380.6,23,370,63,405,121
380.8,20,266,39,302,92
380.8,24,159,61,196,121
380.8,23,370,62,405,120
381.0,20,266,39,301,92
381.0,23,369,62,404,120
381.0,24,163,71,196,124
381.2,20,265,38,302,92
381.2,23,368,62,403,120
381.2,24,160,69,195,123
381.4,20,265,39,302,91
381.4,24,159,63,195,126
381.4,23,368,63,403,120
381.6,20,265,39,302,91
381.6,24,159,65,196,126
381.6,23,368,63,403,120
381.8,20,266,38,302,91
381.8,24,159,64,196,124
381.8,23,368,63,403,120
382.0,20,266,38,302,91
382.0,24,159,62,196,124
382.0,23,368,63,403,119
382.2,20,266,38,302,91
382.2,24,158,62,196,123
382.2,23,368,63,404,119
382.4,20,266,38,302,91
382.4,24,158,60,196,122
382.4,23,368,63,404,119
382.6,20,266,38,303,90
382.6,23,369,62,404,119
382.6,24,158,57,195,118
382.8,20,266,37,303,90
382.8,23,370,63,405,119
382.8,24,160,58,195,113
383.0,17,252,63,287,111
383.0,14,361,52,400,98
383.0,16,124,46,166,101
383.0,15,485,61,525,108
383.2,17,252,63,287,111
383.2,14,361,52,401,98
383.2,16,125,46,166,101
383.2,15,486,61,525,108
383.4,17,252,63,287,111
383.4,14,361,52,400,98
383.4,16,125,46,167,101
383.4,15,486,61,525,108
383.6,17,252,63,287,111
383.6,14,361,52,401,98
383.6,16,125,46,167,101
383.6,15,486,60,526,108
383.8,17,252,64,287,111
383.8,14,361,52,401,98
383.8,16,124,47,166,101
383.8,15,486,60,526,108
384.0,17,252,64,287,111
384.0,14,361,51,400,98
384.0,16,124,46,166,101
384.0,15,486,60,526,108
384.2,17,251,64,287,112
384.2,14,360,51,400,98
384.2,16,124,46,166,101
384.2,15,486,60,526,108
384.4,17,251,64,287,112
384.4,14,360,51,400,98
384.4,16,124,46,166,101
384.4,15,486,60,526,108
384.6,17,251,65,287,112
384.6,14,360,51,400,98
384.6,16,124,46,166,101
384.6,15,486,60,526,108
384.8,17,251,65,287,112
384.8,14,361,51,400,98
384.8,16,124,46,166,101
384.8,15,486,60,526,108
385.0,14,361,51,401,98
385.0,17,251,64,287,112
385.0,16,124,46,166,101
385.0,15,486,60,526,108
385.2,14,361,51,401,98
385.2,17,251,65,287,112
385.2,16,124,46,166,101
385.2,15,485,60,526,108
385.4,14,362,52,401,98
385.4,17,251,64,287,112
385.4,16,125,46,166,101
385.4,15,485,61,525,108
385.6,13,326,61,424,202
385.8,13,326,61,424,201
386.0,13,326,62,424,201
386.2,13,328,62,424,200
386.4,13,328,63,425,199
386.6,13,328,64,425,197
386.8,20,313,53,421,223
387.0,20,315,53,422,235
387.2,20,315,52,423,223
387.4,20,316,52,423,223
387.6,20,317,53,424,233
387.8,20,318,52,425,222
388.0,20,318,52,425,223
388.2,20,319,54,426,230
388.4,20,319,54,427,222
388.4,-1,499,103,539,161
388.6,20,319,54,426,224
388.6,-1,498,103,537,162
388.8,20,318,53,426,231
389.0,20,318,53,426,222
389.2,20,318,53,425,223
389.4,16,262,106,294,151
389.4,15,151,113,179,146
389.4,14,45,104,79,147
389.4,17,341,122,368,161
389.4,20,450,42,519,142
389.6,14,46,104,79,149
389.6,15,151,113,180,147
389.6,16,262,106,294,151
389.6,20,448,43,515,140
389.6,17,341,122,369,161
389.8,14,46,105,79,148
389.8,15,151,113,180,146
389.8,16,262,106,294,151
389.8,20,446,42,511,141
389.8,17,341,122,368,161
390.0,14,46,105,80,148
390.0,15,151,113,180,146
390.0,16,262,106,294,151
390.0,17,341,123,369,161
390.0,20,440,43,505,145
390.2,14,47,106,80,148
390.2,16,263,106,294,151
390.2,15,152,113,181,147
390.2,17,341,122,369,161
390.2,20,437,42,500,140
390.4,16,262,106,295,150
390.4,14,47,109,81,152
390.4,15,152,113,181,146
390.4,17,341,123,369,161
390.4,20,434,41,495,138
390.6,16,262,106,294,150
390.6,15,152,113,181,146
390.6,20,432,41,488,139
390.6,14,48,111,81,154
390.6,17,341,123,368,161
390.6,25,428,123,446,145
390.8,16,262,106,294,150
390.8,15,152,113,181,146
390.8,14,49,112,82,155
390.8,17,341,123,368,161
390.8,20,431,43,484,138
390.8,25,403,121,420,142
391.0,16,262,106,294,150
391.0,14,49,112,82,155
391.0,17,340,122,369,161
391.0,15,153,113,181,146
391.0,20,429,43,481,139
391.0,-1,374,122,392,145
391.2,16,262,106,294,150
391.2,14,49,113,83,155
391.2,15,152,114,181,146
391.2,17,340,123,368,161
391.2,20,430,43,478,138
391.4,16,262,107,294,151
391.4,17,341,124,368,162
391.4,14,49,114,83,156
391.4,15,152,113,181,146
391.4,20,430,44,475,137
391.4,25,311,119,329,143
391.4,8,401,133,410,146
391.6,16,262,106,294,151
391.6,17,341,124,368,161
391.6,15,152,113,181,146
391.6,14,50,116,83,156
391.6,20,430,44,473,137
391.8,16,262,106,294,151
391.8,17,341,123,368,162
391.8,15,152,114,181,146
391.8,14,51,117,84,155
391.8,20,430,44,473,137
391.8,25,238,110,259,137
392.0,16,263,106,294,150
392.0,17,340,122,368,162
392.0,15,153,114,181,146
392.0,14,52,117,86,156
392.0,25,198,112,219,138
392.0,20,431,44,472,137
392.2,16,263,106,294,150
392.2,14,53,117,87,156
392.2,17,340,122,368,162
392.2,15,153,114,181,146
392.2,20,431,46,472,137
392.4,16,263,106,294,151
392.4,14,53,114,86,155
392.4,15,152,113,181,146
392.4,17,340,122,368,162
392.4,25,114,106,138,137
392.4,20,431,47,472,137
392.6,16,263,106,295,151
392.6,15,152,113,181,147
392.6,17,340,122,368,162
392.6,14,53,111,86,156
392.6,20,431,48,472,137
392.8,16,263,106,295,151
392.8,15,152,114,180,147
392.8,17,340,122,368,162
392.8,14,53,110,86,156
392.8,25,20,94,45,129
392.8,20,432,48,472,137
393.0,20,230,36,312,169
393.2,20,227,38,310,170
393.4,20,227,37,309,169
393.6,20,230,37,312,170
393.8,20,231,39,315,172
394.0,20,227,39,310,172
394.2,20,227,38,309,168
394.4,20,227,39,310,167
394.6,20,228,39,311,168
394.8,20,178,54,286,207
395.0,20,178,52,286,204
395.2,20,181,48,286,190
395.4,20,182,45,284,176
395.6,20,179,46,280,170
395.8,20,177,46,278,168
396.0,20,177,46,278,170
396.2,20,177,46,278,174
396.4,20,177,46,278,191
396.6,20,176,55,281,212
396.8,20,174,57,282,220
397.0,20,172,57,280,221
397.2,20,172,58,280,220
397.4,20,174,61,282,222
397.6,20,174,57,280,220
397.8,20,170,56,274,218
398.0,20,477,43,552,151
398.2,20,479,39,561,150
398.2,15,582,96,611,130
398.4,20,478,39,562,151
398.4,15,582,95,611,130
398.6,20,478,42,563,151
398.6,15,582,95,611,130
398.8,20,480,42,564,151
398.8,15,583,95,612,130
398.8,17,324,98,352,134
399.0,20,482,41,566,150
399.0,15,584,95,612,130
399.2,20,482,42,566,150
399.2,15,584,95,612,131
399.4,20,481,43,565,151
399.4,14,416,92,446,129
399.4,15,584,96,612,130
399.6,20,480,42,564,151
399.6,14,415,91,446,128
399.6,15,584,96,612,130
399.6,16,361,88,393,130
399.8,20,479,43,564,152
399.8,17,324,95,352,134
399.8,14,416,90,446,127
399.8,16,362,87,393,131
399.8,15,584,96,612,131
400.0,20,479,43,563,152
400.0,14,416,89,447,126
400.0,17,324,96,351,134
400.0,15,584,96,612,131
400.0,16,362,87,393,131
400.2,20,479,43,563,153
400.2,14,416,88,447,126
400.2,17,324,96,352,134
400.2,15,583,95,612,131
400.2,16,362,87,393,131
400.4,20,478,42,562,153
400.4,17,324,96,352,134
400.4,15,583,95,612,131
400.4,14,416,89,446,127
400.4,16,362,87,394,131
400.6,20,477,43,561,154
400.6,17,324,96,353,134
400.6,14,416,90,447,127
400.6,15,583,96,612,131
400.6,16,363,87,394,131
400.8,20,477,43,560,154
400.8,14,417,90,447,127
400.8,15,583,96,612,131
400.8,17,325,96,353,135
400.8,16,363,87,394,131
401.0,20,476,43,559,156
401.0,14,417,90,447,127
401.0,17,325,96,353,134
401.0,15,583,96,611,131
401.0,16,364,87,394,131
401.2,14,416,91,446,129
401.2,17,325,96,353,134
401.2,20,473,47,555,158
401.2,16,363,87,394,130
401.2,15,581,97,609,131
401.4,14,415,91,445,130
401.4,16,363,88,394,129
401.4,17,325,96,353,135
401.4,20,470,47,553,158
401.4,15,581,97,609,131
401.6,14,415,91,445,129
401.6,16,364,88,394,129
401.6,17,326,96,353,135
401.6,20,469,46,551,159
401.6,15,580,96,608,131
401.8,14,415,91,446,129
401.8,16,364,88,394,129
401.8,17,325,96,353,135
401.8,20,469,46,550,159
401.8,15,580,96,609,130
402.0,14,415,91,446,129
402.0,16,364,88,395,129
402.0,17,326,96,353,135
402.0,20,468,46,550,159
402.0,15,580,96,608,131
402.2,14,415,91,446,129
402.2,16,364,88,394,129
402.2,17,325,97,353,135
402.2,20,468,45,549,159
402.2,15,580,96,608,131
402.4,14,415,91,446,129
402.4,16,364,88,394,129
402.4,17,325,96,353,135
402.4,20,467,45,548,160
402.4,15,580,96,609,131
402.6,14,415,91,445,129
402.6,16,364,88,394,129
402.6,17,325,96,353,135
402.6,20,466,44,547,160
402.6,15,580,97,608,131
402.8,20,228,49,310,187
403.0,20,229,49,312,186
403.2,20,228,48,311,185
403.4,20,228,45,311,179
403.6,20,227,41,312,171
403.8,13,320,66,418,200
404.0,13,321,66,420,205
404.2,13,320,67,421,211
404.4,13,318,68,418,212
404.6,13,313,73,416,214
404.8,13,313,71,416,209
405.0,13,316,71,418,214
405.2,13,320,69,420,212
405.4,13,323,76,423,217
405.6,13,325,78,425,217
405.8,13,326,73,426,214
406.0,13,326,69,424,205
406.2,13,327,66,427,206
406.4,13,327,66,424,199
406.6,13,328,67,425,199
406.8,13,328,68,426,201
407.0,20,227,35,308,161
407.2,20,228,39,310,170
407.4,20,228,38,309,172
407.6,20,227,39,309,171
407.8,20,227,39,309,172
408.0,20,225,40,309,172
408.2,20,224,40,308,171
408.4,15,219,54,296,160
408.6,15,221,56,298,161
408.8,15,220,57,297,164
409.0,15,220,60,298,167
409.2,15,220,61,297,168
409.4,15,220,59,297,169
409.6,15,219,55,297,165
409.8,15,221,54,297,160
410.0,15,221,53,297,161
410.2,15,222,52,298,161
410.4,15,223,54,300,159
410.6,15,224,53,301,162
410.8,15,225,53,301,160
411.0,15,225,52,301,163
411.2,15,225,54,301,163
411.4,15,224,54,301,163
411.6,15,223,56,300,159
411.8,20,229,38,312,171
412.0,20,233,40,315,174
412.2,20,234,43,316,178
412.4,20,234,44,316,179
412.6,20,235,44,317,182
412.8,20,235,44,318,183
413.0,20,232,41,315,173
413.2,20,226,39,309,168
413.4,20,225,39,309,168
413.6,26,350,40,419,148
413.8,26,349,38,418,143
414.0,26,346,37,415,140
414.2,26,346,38,416,142
414.4,26,347,40,417,145
414.6,26,347,43,418,148
414.8,26,348,41,418,145
415.0,26,347,39,417,140
415.2,26,347,38,417,143
415.4,26,346,39,416,141
415.6,26,344,39,416,145
415.8,26,345,44,416,149
416.0,26,347,47,418,152
416.2,26,349,52,419,156
416.4,26,350,54,421,157
416.6,26,350,54,420,156
416.8,26,350,54,420,155
419.2,20,265,51,387,275
419.4,20,264,53,386,275
419.6,20,263,53,384,276
419.8,20,262,54,383,277
420.0,20,259,57,383,278
420.2,20,257,60,381,279
420.4,17,248,89,259,104
420.4,16,283,82,295,99
420.4,14,202,87,214,103
420.4,15,327,88,338,102
420.6,17,248,89,259,104
420.6,16,283,82,295,99
420.6,15,327,88,338,101
420.6,14,202,87,214,103
420.6,-1,492,38,502,53
420.8,17,248,89,259,104
420.8,16,283,82,295,99
420.8,15,327,89,338,102
420.8,14,202,86,214,103
421.0,17,248,89,259,104
421.0,16,283,82,295,99
421.0,14,202,87,214,103
421.0,15,327,89,338,102
421.2,16,283,82,295,99
421.2,17,248,89,259,104
421.2,14,202,87,214,103
421.2,15,327,89,338,102
421.4,16,283,82,295,99
421.4,17,248,89,259,104
421.4,14,202,87,214,103
421.4,15,327,89,338,102
421.6,16,282,82,295,99
421.6,17,248,89,259,104
421.6,14,202,87,214,103
421.6,15,327,88,338,102
421.8,16,283,82,294,99
421.8,17,248,89,258,104
421.8,14,202,86,214,103
421.8,15,326,88,338,102
421.8,-1,620,38,629,51
422.0,16,283,82,294,99
422.0,17,247,89,258,104
422.0,14,202,86,214,103
422.0,15,326,88,338,102
422.2,16,283,82,294,99
422.2,17,247,89,258,104
422.2,14,202,86,214,103
422.2,15,326,89,338,102
422.4,16,282,82,294,99
422.4,14,202,87,214,103
422.4,17,247,89,258,104
422.4,15,326,88,338,102
422.4,-1,369,0,378,13
422.6,14,202,87,215,104
422.6,16,282,82,294,99
422.6,17,247,89,258,104
422.6,15,326,89,338,102
422.6,-1,349,4,359,17
422.8,20,267,67,387,281
423.0,20,269,64,390,277
423.2,20,270,62,391,277
423.4,20,275,66,397,273
423.6,20,277,63,399,273
423.8,20,280,62,402,274
424.0,20,283,62,403,275
424.2,20,276,64,397,280
424.4,20,271,64,392,276
424.6,20,269,67,389,280
424.8,17,219,55,276,134
424.8,16,360,27,421,116
425.0,17,219,55,275,134
425.0,16,360,29,421,118
425.2,17,218,55,275,134
425.2,16,360,29,422,117
425.4,17,217,55,274,135
425.4,16,360,29,421,117
425.6,17,216,55,273,135
425.6,16,358,28,420,118
425.8,17,215,55,272,135
425.8,16,357,28,419,118
426.0,17,214,55,271,135
426.0,16,355,28,417,117
426.2,17,214,55,271,135
426.2,16,355,28,417,115
426.4,17,214,54,271,135
426.4,16,355,28,416,115
426.6,26,193,39,293,179
426.8,26,191,40,292,178
427.0,26,191,41,293,180
427.2,26,192,44,294,182
427.4,26,192,45,293,182
427.6,26,191,44,292,181
427.8,26,189,44,290,181
428.0,26,186,42,288,181
428.2,26,185,41,288,181
428.4,20,272,62,392,273
428.6,20,274,62,396,273
428.8,20,277,65,399,271
429.0,20,277,65,399,274
429.2,20,269,62,391,276
429.4,20,268,58,389,271
429.6,20,269,61,388,280
429.8,20,273,64,392,279
430.0,20,270,68,390,275
430.2,20,258,65,375,285
430.4,20,267,66,385,280
430.6,15,216,52,294,154
430.8,15,217,51,294,153
431.0,15,220,50,297,152
431.2,15,223,49,300,151
431.4,15,224,49,300,150
431.6,15,223,50,300,150
431.8,15,224,53,301,154
432.0,15,225,55,302,155
432.2,9,465,62,508,120
432.2,10,317,43,362,109
432.4,9,465,61,510,120
432.4,10,317,44,362,109
432.6,9,466,61,511,121
432.6,10,317,44,362,109
432.8,9,466,61,511,119
432.8,10,317,44,362,109
433.0,9,467,60,512,119
433.0,10,317,44,362,109
433.2,9,465,61,510,119
433.2,10,317,44,362,109
433.4,9,465,62,509,120
433.4,10,317,44,362,110
433.6,9,464,62,509,120
433.6,10,317,44,362,110
433.8,9,464,62,509,121
433.8,10,317,44,362,110
434.0,9,464,61,509,120
434.0,10,317,44,361,110
434.2,9,464,61,509,120
434.2,10,318,45,362,110
434.4,13,316,67,419,213
434.6,13,309,62,415,210
434.8,13,307,59,414,201
435.0,13,308,65,415,210
435.2,13,312,68,415,217
435.4,13,314,68,415,216
435.6,26,446,33,485,92
435.6,20,179,66,292,237
435.8,26,446,32,486,92
435.8,20,182,65,293,236
436.0,26,446,32,486,92
436.0,20,184,66,295,238
436.2,26,446,33,486,92
436.2,20,185,67,296,236
436.4,26,447,33,487,93
436.4,20,186,67,296,236
436.6,20,184,68,294,237
436.6,26,447,33,488,93
436.8,26,447,33,488,92
436.8,20,186,67,296,238
437.0,26,447,33,488,92
437.0,20,185,67,295,238
437.2,26,447,33,488,92
437.2,20,184,66,294,236
437.4,26,447,33,488,92
437.4,20,185,66,295,238
437.6,26,448,33,489,92
437.6,20,185,65,295,237
437.8,26,448,33,488,93
437.8,20,185,66,296,238
438.0,26,448,33,488,92
438.0,20,184,64,295,237
438.2,26,448,33,488,92
438.2,20,184,66,295,238
438.4,26,448,33,488,92
438.4,20,183,66,294,234
438.6,26,448,33,488,92
438.6,20,181,66,293,235
438.8,26,448,33,488,92
438.8,20,180,67,292,235
439.0,26,448,32,488,92
439.0,20,180,67,293,238
439.2,26,447,33,488,92
439.2,20,180,67,293,238
439.4,26,447,33,487,93
439.4,20,180,67,293,237
439.6,26,447,34,488,94
439.6,20,181,68,292,237
439.8,26,448,34,489,94
439.8,20,180,69,292,237
440.0,26,451,32,492,95
440.0,20,180,69,291,236
440.2,26,455,32,496,94
440.2,20,180,69,291,236
440.4,26,458,31,499,92
440.4,20,181,69,292,235
440.6,26,460,31,503,91
440.6,20,180,69,291,235
440.8,26,462,31,504,90
440.8,20,179,69,290,234
441.0,20,227,37,310,168
441.2,20,228,36,311,163
441.4,20,228,36,311,162
441.6,20,227,36,312,161
441.8,20,229,35,313,163
442.0,20,240,36,323,167
442.2,20,241,36,324,171
442.4,20,235,38,318,171
442.6,20,222,40,309,166
442.8,20,215,41,304,166
443.0,26,347,36,416,136
443.2,26,350,38,418,145
443.4,26,352,37,419,142
443.6,26,354,37,420,142
443.8,26,354,40,422,146
444.0,26,353,45,422,150
444.2,26,352,46,421,147
444.4,26,352,43,420,147
444.6,26,352,41,420,143
444.8,26,350,46,420,149
445.0,26,350,51,420,152
445.2,26,351,52,420,152
445.4,20,233,41,315,169
445.6,20,232,43,317,177
445.8,20,235,40,321,173
446.0,20,237,43,323,177
446.2,20,236,42,321,174
446.4,20,228,44,312,172
446.6,26,357,35,424,138
446.8,26,355,35,422,139
447.0,26,356,36,424,142
447.2,26,356,43,424,147
447.4,26,356,51,425,154
447.6,26,357,52,425,154
447.8,26,358,52,426,153
448.0,26,361,54,429,154
448.2,26,363,54,431,155
448.4,26,364,54,432,155
448.6,26,363,52,431,152
448.8,26,363,52,430,152
449.0,26,361,51,429,151
449.2,26,362,45,429,146
449.4,26,359,41,426,145
449.6,26,353,43,419,146
449.8,26,351,45,417,149
450.0,26,349,46,416,150
450.2,20,236,43,323,175
450.4,20,237,44,326,178
450.6,20,237,45,325,176
450.8,20,236,43,323,176
451.0,20,235,43,320,177
451.2,20,232,43,316,177
451.4,20,230,44,313,175
451.6,20,228,44,310,174
452.0,27,220,158,230,171
452.2,15,357,173,364,183
452.2,27,226,158,235,171
452.2,16,442,171,450,182
452.2,17,417,174,424,184
452.4,15,355,173,363,182
452.4,27,234,160,243,173
452.4,16,443,172,452,183
452.4,28,384,169,392,180
452.6,28,382,169,390,180
452.6,27,243,157,252,170
452.6,17,413,173,421,183
452.6,16,444,169,453,180
452.8,28,379,169,387,180
452.8,17,412,173,420,183
452.8,15,348,170,356,181
452.8,16,443,168,452,180
452.8,27,250,157,258,170
453.0,17,412,172,420,183
453.0,15,346,169,354,180
453.0,28,377,165,386,177
453.0,16,440,169,450,180
453.0,27,254,158,263,170
453.2,17,411,169,420,181
453.2,15,345,168,353,178
453.2,16,440,167,449,179
453.2,27,258,160,267,172
453.2,28,375,167,384,179
453.4,17,409,171,418,183
453.4,14,374,166,383,179
453.4,16,441,168,451,181
453.4,15,341,169,350,180
453.4,27,261,160,269,171
453.6,14,370,165,379,177
453.6,16,440,165,450,178
453.6,15,336,166,346,177
453.6,17,407,169,416,180
453.6,27,267,161,274,172
453.8,17,405,169,415,181
453.8,14,366,168,375,181
453.8,15,332,165,341,177
453.8,16,437,165,446,177
454.0,17,404,168,413,180
454.0,15,328,165,338,176
454.0,29,361,168,370,180
454.0,16,431,164,442,177
454.2,15,320,163,330,175
454.2,17,400,166,410,178
454.2,29,359,166,369,179
454.2,16,430,162,441,175
454.4,17,397,167,407,180
454.4,15,312,162,322,175
454.4,29,357,167,368,181
454.4,16,428,164,439,178
454.6,14,352,159,364,174
454.6,15,305,158,316,172
454.6,17,393,163,403,177
454.6,16,426,159,439,175
454.8,14,346,158,358,174
454.8,15,300,159,311,172
454.8,16,423,159,435,175
454.8,17,389,164,400,178
455.0,14,339,157,352,173
455.0,16,419,157,431,174
455.0,17,386,162,397,176
455.0,15,294,157,306,171
455.2,16,418,154,431,172
455.2,14,334,153,347,169
455.2,15,287,157,299,172
455.2,17,381,159,393,174
455.4,14,326,155,340,172
455.4,15,279,152,292,167
455.4,17,376,161,389,177
455.4,16,419,154,433,173
455.6,14,318,150,332,168
455.6,16,417,148,431,167
455.6,15,272,151,286,168
455.6,17,371,156,384,172
455.8,14,308,145,323,164
455.8,17,369,157,382,174
455.8,15,264,148,278,165
455.8,16,411,148,427,169
456.0,14,297,148,312,167
456.0,16,405,144,420,166
456.0,15,251,149,266,169
456.0,17,366,154,379,171
456.2,14,289,140,305,161
456.2,17,359,150,374,169
456.2,16,402,141,418,164
456.2,15,235,144,251,165
456.4,14,284,139,300,161
456.4,17,349,150,364,171
456.4,15,222,139,238,160
456.4,16,398,141,416,166
456.6,14,276,138,294,162
456.6,16,393,131,412,158
456.6,17,338,143,355,165
456.6,15,210,137,228,159
456.8,16,384,131,404,159
456.8,15,195,133,213,156
456.8,14,264,128,283,153
456.8,17,329,145,346,168
457.0,14,248,129,268,157
457.0,16,373,126,394,156
457.0,17,321,139,340,164
457.0,15,176,131,196,155
457.2,14,230,122,252,150
457.2,16,367,120,390,151
457.2,17,313,137,332,162
457.2,15,158,122,179,148
457.4,14,217,115,240,144
457.4,16,361,121,388,154
457.4,15,141,119,164,148
457.4,17,300,134,321,163
457.6,14,204,117,228,149
457.6,16,356,108,382,143
457.6,17,288,125,310,155
457.6,15,122,111,146,141
457.6,-1,436,172,443,181
457.8,16,344,106,372,144
457.8,14,187,103,212,135
457.8,17,275,125,298,158
457.8,15,96,109,122,141
458.0,16,328,98,359,139
458.0,14,162,97,190,132
458.0,15,60,96,89,130
458.0,17,262,114,287,150
458.2,20,228,37,310,170
458.4,20,233,37,316,166
458.6,20,233,38,318,165
458.8,20,232,42,316,175
459.0,20,229,46,314,182
459.2,20,232,47,316,184
459.4,20,231,46,315,181
459.6,20,228,46,310,178
459.8,13,320,65,419,204
460.0,13,324,58,424,194
460.2,13,318,71,421,214
460.4,13,311,83,416,221
460.6,13,309,74,414,214
460.8,13,318,66,416,202
461.0,15,222,53,300,163
461.2,15,224,54,302,157
461.4,15,224,53,303,159
461.6,15,225,52,302,159
461.8,15,225,53,302,156
462.0,15,224,53,303,158
462.2,15,224,53,303,157
462.4,15,225,53,303,156
462.6,15,225,54,303,153
462.8,15,225,54,303,153
463.0,20,227,36,309,167
463.2,20,232,40,314,176
463.4,20,231,42,313,177
463.6,20,224,40,309,171
463.8,20,221,41,306,172
464.0,20,218,40,305,171
464.2,20,221,42,306,175
464.4,20,225,41,308,173
464.6,20,225,41,308,170
464.8,20,225,41,308,170
465.0,20,231,40,313,175
465.2,20,232,45,314,180
465.4,20,226,43,311,176
465.6,20,221,39,305,169
465.8,20,216,39,301,164
466.0,20,217,40,302,165
466.2,20,217,41,302,165
466.4,20,220,42,305,166
466.6,20,222,42,306,170
466.8,20,222,40,305,172
467.0,20,222,40,305,170
467.2,20,222,39,306,171
467.4,20,222,39,306,171
467.6,20,222,39,306,171
467.8,20,222,40,305,171
468.0,20,221,41,305,169
468.2,20,222,41,305,169
468.4,15,328,78,356,115
468.4,13,223,62,244,91
468.4,16,191,49,227,100
468.4,17,292,145,326,196
468.4,14,474,61,498,111
468.4,-1,52,91,64,107
468.6,13,234,59,258,89
468.6,15,331,77,356,115
468.6,16,192,51,227,100
468.6,17,292,146,326,197
468.6,14,469,59,494,110
468.8,13,240,49,264,80
468.8,14,459,62,485,111
468.8,16,195,52,229,101
468.8,15,344,78,367,117
468.8,17,290,146,326,198
469.0,13,236,50,262,84
469.0,16,206,53,238,101
469.0,17,290,146,326,198
469.0,14,448,63,474,113
469.0,15,357,77,378,117
469.2,13,232,43,258,81
469.2,14,439,66,466,115
469.2,17,291,146,325,198
469.2,16,219,56,246,99
469.2,15,365,75,387,114
469.2,-1,53,88,65,104
469.4,13,239,38,265,74
469.4,17,291,146,326,197
469.4,16,220,55,247,98
469.4,14,436,67,464,116
469.4,18,51,87,65,104
469.4,15,368,71,390,110
469.6,13,254,36,285,73
469.6,17,293,146,326,197
469.6,16,217,52,243,97
469.6,14,435,67,463,115
469.6,15,370,71,391,108
469.6,18,50,88,64,104
469.8,13,278,36,309,78
469.8,17,293,147,326,196
469.8,15,371,70,393,107
469.8,14,437,65,464,115
469.8,16,214,50,240,97
469.8,18,50,89,64,105
470.0,13,292,34,324,75
470.0,17,293,148,327,196
470.0,16,216,50,241,96
470.0,15,374,69,397,107
470.0,14,438,66,464,115
470.0,18,51,90,63,104
470.2,13,295,32,328,74
470.2,17,295,148,328,196
470.2,15,376,70,400,108
470.2,16,217,48,242,96
470.2,14,441,64,466,114
470.2,18,50,90,63,105
470.4,13,289,28,323,73
470.4,17,296,147,328,197
470.4,14,444,62,471,113
470.4,18,49,90,62,106
470.4,16,214,46,241,95
470.4,15,381,69,405,109
470.6,13,280,24,313,68
470.6,17,295,148,328,198
470.6,16,212,46,240,95
470.6,18,49,92,63,107
470.6,14,447,63,474,112
470.6,15,382,69,407,112
470.8,13,275,26,308,70
470.8,17,295,150,327,199
470.8,15,377,73,406,114
470.8,18,50,92,64,109
470.8,16,211,47,238,97
470.8,14,449,64,476,114
471.0,17,294,152,327,201
471.0,15,373,76,402,117
471.0,13,275,29,309,72
471.0,16,209,48,237,98
471.0,18,51,94,64,111
471.0,14,449,66,477,115
471.2,13,278,30,312,72
471.2,17,294,155,327,202
471.2,15,370,80,400,121
471.2,16,209,50,237,99
471.2,18,51,96,64,112
471.2,14,449,67,479,117
471.4,20,224,41,307,174
471.6,20,223,39,307,172
471.8,20,223,39,307,174
472.0,20,223,40,307,175
472.2,20,224,40,308,173
472.4,20,223,42,307,172
472.6,20,223,42,307,172
472.8,20,223,42,307,172
473.0,13,301,35,334,79
473.0,15,375,87,406,124
473.0,16,218,53,253,103
473.0,14,469,67,503,117
473.0,17,316,152,344,197
473.0,18,68,97,80,112
473.2,13,300,34,332,78
473.2,16,219,54,253,102
473.2,14,473,68,509,117
473.2,17,317,153,344,197
473.2,18,67,97,78,112
473.2,-1,369,88,400,125
473.4,13,300,34,332,77
473.4,14,478,68,515,118
473.4,15,369,87,400,125
473.4,16,227,55,258,104
473.4,18,65,96,77,111
473.4,17,318,151,344,198
473.6,13,302,35,334,78
473.6,15,370,86,400,124
473.6,14,481,69,519,119
473.6,16,230,57,260,106
473.6,17,316,151,346,202
473.6,18,61,97,73,111
473.8,13,305,37,337,78
473.8,15,368,84,398,123
473.8,16,231,58,262,107
473.8,14,480,71,519,122
473.8,17,313,155,347,204
473.8,18,62,97,73,111
474.0,15,366,83,395,122
474.0,13,306,38,337,80
474.0,16,234,57,263,107
474.0,14,476,70,517,123
474.0,17,312,155,349,206
474.0,18,62,97,73,111
474.2,15,373,83,404,124
474.2,13,305,39,336,80
474.2,16,234,58,264,107
474.2,17,314,152,351,203
474.2,14,471,72,513,125
474.2,18,62,97,74,112
474.4,13,304,38,336,80
474.4,15,386,85,419,126
474.4,14,468,73,511,126
474.4,16,234,57,265,107
474.4,17,312,153,347,201
474.4,18,62,98,73,112
474.6,16,230,63,267,111
474.6,13,306,39,337,80
474.6,14,467,74,509,128
474.6,15,410,89,443,127
474.6,17,312,153,348,202
474.6,18,62,97,73,112
474.8,13,313,40,344,80
474.8,17,326,149,363,199
474.8,15,441,93,474,131
474.8,14,468,76,510,128
474.8,16,241,63,279,111
474.8,18,63,97,74,112
475.0,13,315,40,347,82
475.0,14,470,75,513,127
475.0,17,332,149,368,203
475.0,16,252,61,290,111
475.0,18,64,97,75,111
475.2,13,305,36,338,79
475.2,14,475,74,519,126
475.2,16,262,62,301,112
475.2,17,338,148,374,203
475.4,13,302,35,336,79
475.4,14,478,73,521,125
475.4,17,350,153,386,206
475.4,16,271,63,311,114
475.4,18,64,97,75,112
475.6,15,567,97,601,136
475.6,13,316,40,346,80
475.6,17,371,152,409,210
475.6,14,472,73,510,125
475.6,16,279,64,319,115
475.8,15,588,91,623,133
475.8,14,490,69,530,123
475.8,16,292,59,332,112
475.8,17,398,156,434,214
475.8,13,321,40,350,82
475.8,18,66,97,76,111
476.0,-1,551,70,598,126
476.0,16,311,52,353,111
476.0,15,611,95,645,133
476.0,17,430,158,466,217
476.0,18,67,97,77,112
476.2,17,466,158,503,219
476.2,16,343,59,378,113
476.2,18,69,97,79,111
476.4,16,377,58,408,113
476.4,17,514,168,545,224
476.4,15,624,93,649,127
476.4,18,70,96,81,112
476.6,16,415,59,446,112
476.6,18,72,97,83,112
476.6,-1,561,177,592,229
476.8,16,440,50,476,113
476.8,18,73,97,84,112
477.0,16,479,47,523,114
477.0,18,73,97,85,111
477.2,16,524,47,569,117
477.2,13,451,51,490,100
477.2,18,73,97,85,112
477.4,16,579,35,627,115
477.4,13,469,46,513,100
477.4,18,74,97,86,111
477.6,13,511,44,555,98
477.6,18,76,97,87,112
477.8,13,564,37,609,94
477.8,18,76,97,88,113
478.0,18,76,98,88,113
478.0,-1,416,132,429,149
478.2,0,271,51,404,244
478.4,0,271,52,404,244
478.6,0,272,53,404,244
478.8,0,272,54,405,244
479.0,0,273,55,406,245
479.2,0,274,54,407,245
479.4,0,276,55,409,244
479.6,0,277,56,410,244
479.8,0,278,57,410,245
480.0,0,279,54,411,245
480.2,0,280,51,412,243
480.4,0,282,50,417,242
480.6,7,382,40,405,72
480.6,8,441,138,455,162
480.6,3,365,140,382,165
480.6,-1,245,105,263,129
480.8,7,382,40,405,73
480.8,8,441,138,455,162
480.8,3,365,140,381,164
480.8,8,250,101,266,123
481.0,7,382,40,405,72
481.0,3,365,139,381,164
481.0,8,441,138,455,162
481.2,7,382,40,405,72
481.2,3,366,137,382,164
481.2,8,441,138,454,161
481.4,7,382,40,405,73
481.4,8,440,138,454,161
481.4,3,368,136,384,162
481.6,7,385,40,407,73
481.6,8,441,138,455,162
481.6,3,373,134,389,161
481.8,7,403,43,426,75
481.8,3,392,136,409,162
481.8,8,459,141,472,164
482.0,7,432,44,454,77
482.0,3,423,141,439,165
482.0,8,486,143,500,166
482.2,7,463,47,486,80
482.2,3,454,142,470,167
482.2,8,516,147,529,169
482.4,7,497,48,519,81
482.4,3,487,144,503,169
482.4,8,548,149,562,171
482.6,7,530,51,553,83
482.6,3,520,145,536,170
482.8,7,564,51,588,84
482.8,3,555,150,571,174
483.0,7,598,52,622,86
483.0,3,588,150,604,174
483.2,3,618,149,637,175
483.6,3,162,54,230,142
483.6,4,444,85,494,155
483.8,3,165,53,233,140
483.8,4,444,87,493,155
484.0,3,166,52,235,140
484.0,4,444,86,493,155
484.2,3,177,53,244,139
484.2,4,443,86,493,155
484.4,3,179,54,246,140
484.4,4,443,86,493,155
484.6,3,178,54,246,141
484.6,4,443,86,493,155
484.8,4,443,85,493,155
484.8,3,173,51,240,140
485.0,4,443,85,493,155
485.0,3,162,54,229,142
485.2,1,312,121,329,144
485.4,1,313,121,331,145
485.6,1,308,122,326,145
485.8,1,303,119,322,143
486.0,1,300,120,318,145
486.2,1,292,117,310,143
486.4,1,285,120,304,147
486.6,1,341,47,435,187
486.8,1,338,49,436,194
487.0,1,336,50,435,196
487.2,1,327,56,427,200
487.4,1,327,56,427,201
487.6,1,326,57,426,202
487.8,1,325,57,427,204
488.0,1,325,57,427,201
488.2,1,326,57,427,199
488.4,1,219,105,238,131
488.6,1,211,100,230,125
488.8,1,209,98,227,121
489.0,1,209,97,227,120
489.2,1,210,96,227,120
489.4,1,210,96,227,120
489.6,1,210,96,226,120
489.8,1,210,96,226,120
489.8,19,573,60,588,91
490.0,1,211,96,227,120
490.2,1,211,97,227,121
490.4,1,209,97,226,120
490.6,1,197,95,213,118
490.8,1,172,93,188,118
491.0,1,143,88,159,115
491.2,1,107,83,125,109
491.4,1,66,83,85,107
491.6,1,16,82,35,106
492.8,8,608,68,627,94
493.0,8,555,70,575,97
493.0,-1,404,89,423,120
493.2,7,599,42,623,75
493.2,8,508,72,528,99
493.4,7,564,44,587,79
493.4,3,607,87,632,115
493.4,8,472,74,491,102
493.6,7,533,46,556,79
493.6,-1,553,84,580,118
493.6,8,441,77,459,103
493.8,7,508,48,530,80
493.8,3,512,84,540,114
493.8,8,416,77,434,105
494.0,3,488,82,513,113
494.0,7,493,48,515,77
494.0,8,401,77,419,105
494.2,7,489,49,512,79
494.2,3,475,83,499,117
494.2,8,397,77,416,106
494.4,7,488,50,511,82
494.4,3,465,85,489,118
494.4,8,397,77,417,107
494.6,7,489,50,512,84
494.6,3,460,84,484,118
494.6,8,400,76,418,106
494.8,3,460,85,483,118
494.8,7,489,50,512,84
494.8,8,401,75,419,106
495.0,7,489,50,513,84
495.0,3,459,85,482,118
495.0,8,401,76,419,105
495.2,7,490,50,513,84
495.2,3,459,85,482,118
495.2,8,402,76,419,105
495.4,7,491,50,514,84
495.4,3,460,85,483,118
495.4,8,402,77,420,105
495.6,1,342,44,437,190
495.8,1,335,52,433,196
496.0,1,333,51,428,196
496.2,1,331,53,429,196
496.4,1,333,51,429,195
496.6,1,334,54,432,196
496.8,1,333,56,431,195
497.0,4,447,85,496,155
497.0,3,158,53,227,140
497.2,4,447,85,496,155
497.2,3,157,53,225,143
497.4,3,171,53,239,137
497.4,4,447,85,496,156
497.6,3,178,53,246,139
497.6,4,447,86,496,156
497.8,3,181,54,249,139
497.8,4,446,86,496,156
498.0,3,177,54,245,140
498.0,4,447,85,496,155
498.2,3,167,53,236,142
498.2,4,447,82,496,156
498.4,4,446,80,496,154
498.4,3,155,56,226,143
498.6,3,151,54,222,142
498.6,4,445,83,495,154
498.8,3,151,55,221,142
498.8,4,444,86,495,158
499.0,3,152,54,222,142
499.0,4,445,84,495,154
499.2,3,152,55,222,141
499.2,4,444,84,494,154
499.4,3,152,53,222,140
499.4,4,443,83,494,153
499.6,4,443,83,494,153
499.6,3,153,54,220,139
499.8,4,444,83,493,155
499.8,3,155,53,220,134
500.0,4,443,83,493,155
500.0,3,155,52,221,130
500.2,4,442,83,493,156
500.2,3,155,52,221,131
500.4,3,155,52,221,131
500.4,4,442,83,493,154
500.6,20,224,36,306,170
500.8,20,227,37,308,169
501.0,20,228,39,310,171
501.2,20,229,44,312,174
501.4,20,230,42,314,175
501.6,20,228,38,311,170
501.8,20,227,38,309,168
502.0,20,227,42,310,171
502.2,20,227,44,310,171
502.4,1,136,112,156,135
502.6,1,131,112,151,134
502.8,1,123,110,142,134
503.0,1,114,106,134,131
503.2,1,111,101,131,127
503.4,1,116,99,135,125
503.6,1,127,100,146,125
503.8,1,146,103,164,129
504.0,1,170,104,189,130
504.2,1,194,107,212,131
504.4,-1,217,113,233,139
504.6,8,232,111,248,134
504.8,8,240,113,254,136
505.4,8,241,111,254,132
505.6,3,150,53,218,138
505.6,4,446,82,496,155
505.8,4,447,78,497,150
505.8,3,150,53,218,138
506.0,3,150,53,218,138
506.0,4,447,81,497,152
506.2,3,150,53,217,138
506.2,4,447,86,498,157
506.4,3,150,53,217,138
506.4,4,448,83,498,155
506.6,3,150,53,218,138
506.6,4,448,84,499,155
506.8,3,150,53,218,137
506.8,4,448,84,499,155
507.0,3,150,53,218,137
507.0,4,448,84,499,153
507.2,3,150,53,217,137
507.2,4,448,84,498,152
507.4,7,392,57,415,90
507.4,3,378,147,401,175
507.4,8,462,158,477,181
507.4,1,292,121,309,149
507.6,7,393,57,415,90
507.6,1,276,116,296,143
507.6,3,380,147,403,176
507.6,8,463,153,479,177
507.8,7,393,57,415,90
507.8,1,258,114,281,140
507.8,8,463,151,478,175
507.8,3,382,147,405,175
508.0,7,393,57,415,90
508.0,1,246,115,271,137
508.0,8,461,154,477,177
508.0,3,384,148,407,177
508.2,7,393,57,415,90
508.2,3,385,150,406,178
508.2,8,461,152,476,176
508.2,1,238,116,263,137
508.4,7,392,57,416,90
508.4,8,462,153,478,176
508.4,3,385,149,407,178
508.4,1,237,117,260,137
508.6,7,393,57,415,90
508.6,8,462,153,478,177
508.6,3,384,149,407,177
508.6,-1,242,113,266,135
508.8,7,393,58,415,90
508.8,3,385,150,408,178
508.8,8,460,153,475,177
508.8,-1,264,117,278,140
509.0,7,393,57,415,90
509.0,8,456,152,471,176
509.0,3,386,149,409,177
509.0,1,277,123,292,149
509.2,7,393,57,415,90
509.2,3,386,150,410,177
509.2,8,455,154,470,176
509.4,7,393,57,416,90
509.4,8,453,156,470,180
509.4,3,386,150,410,177
509.6,7,393,57,415,90
509.6,8,453,155,469,178
509.6,3,386,149,410,177
509.8,7,393,57,415,90
509.8,8,454,155,469,178
509.8,3,386,151,410,176
510.0,7,393,57,415,90
510.0,3,386,150,410,177
510.0,8,453,153,469,177
510.2,7,392,58,415,90
510.2,3,386,150,409,177
510.2,8,454,155,469,178
510.4,7,393,57,416,90
510.4,3,387,146,411,175
510.4,8,452,154,467,177
510.6,7,393,57,416,90
510.6,3,387,151,411,179
510.6,8,451,154,466,178
510.8,7,393,58,416,90
510.8,3,387,155,412,182
510.8,8,448,155,463,179
511.0,7,393,57,415,90
511.0,3,386,151,412,179
511.0,8,447,155,462,178
511.2,7,393,57,415,90
511.2,3,386,151,411,180
511.2,8,446,155,461,179
511.4,7,393,58,415,90
511.4,3,384,153,408,180
511.4,8,446,155,462,179
511.4,1,323,145,340,173
511.6,7,393,57,415,90
511.6,8,446,157,462,181
511.6,3,385,150,408,177
511.6,1,319,141,336,168
511.8,7,393,57,416,90
511.8,3,385,151,408,177
511.8,8,445,157,461,181
511.8,1,312,135,328,163
512.0,1,334,45,423,187
512.2,1,336,56,435,200
512.4,1,331,62,432,210
512.6,1,326,66,426,208
512.8,1,326,62,428,205
513.0,1,328,62,427,203
513.2,1,330,61,429,204
513.4,1,332,60,431,199
513.6,1,333,58,431,195
513.8,1,336,52,433,191
514.0,0,221,38,355,222
514.2,0,224,39,355,223
514.4,0,219,44,352,222
514.6,0,209,49,345,224
514.8,0,209,49,345,224
515.0,0,219,47,352,223
515.2,0,222,47,356,223
515.4,0,225,43,359,223
515.6,0,227,42,361,223
515.8,0,228,42,361,224
516.0,0,228,41,361,226
516.2,0,229,35,308,143
516.4,0,228,33,308,139
516.6,0,232,34,312,139
516.8,0,228,36,308,141
517.0,0,228,39,307,144
517.2,0,228,39,308,143
517.4,0,230,37,310,143
517.6,0,232,39,312,145
517.8,0,232,37,313,145
518.0,0,232,38,311,144
518.2,0,226,40,360,228
518.4,0,226,40,360,228
518.6,0,226,43,360,228
518.8,0,225,41,360,229
519.0,0,218,47,352,233
519.2,0,201,54,338,239
519.4,0,193,59,330,244
519.6,0,187,62,323,248
519.8,0,182,64,319,251
520.0,0,174,63,312,251
520.2,0,165,65,303,255
520.4,0,158,69,297,257
524.8,13,322,-44,492,252
525.0,13,297,7,469,255
525.2,13,288,14,458,261
525.4,13,280,17,452,248
525.6,13,273,18,446,257
525.8,13,275,21,445,254
526.0,13,290,21,455,270
526.2,13,294,23,456,278
526.4,13,294,24,457,287
526.6,13,292,25,455,275
526.8,13,288,24,453,257
527.0,13,284,23,453,251
527.2,13,285,21,452,253
527.4,13,290,21,452,275
527.6,13,289,20,454,272
527.8,13,286,17,454,256
528.0,13,285,15,457,247
528.2,13,280,13,449,263
528.4,13,243,11,390,278
528.6,-1,270,32,370,247
528.8,-1,318,30,410,230
529.2,-1,166,251,214,308
529.4,-1,163,229,217,292
529.6,0,159,190,221,263
529.8,0,153,181,221,262
530.0,0,154,155,228,244
530.2,0,167,123,249,226
530.4,0,193,117,280,233
530.6,0,208,102,306,225
530.8,0,205,72,310,212
531.0,0,187,62,295,214
531.2,0,175,61,288,215
531.4,0,166,50,279,210
531.6,0,161,39,280,210
531.8,0,155,40,274,212
532.0,0,163,39,287,215
532.2,0,185,44,309,222
532.4,0,203,46,328,221
532.6,0,208,45,333,220
532.8,0,212,50,338,221
533.0,0,215,47,342,219
533.2,0,215,41,341,214
533.4,0,214,41,340,215
533.6,0,234,34,312,145
533.8,0,233,38,310,147
534.0,0,233,37,310,144
534.2,0,234,35,311,143
534.4,0,237,34,314,144
534.6,0,240,37,317,147
534.8,0,242,39,320,147
535.0,0,243,37,320,145
535.2,0,241,36,318,145
535.4,0,241,36,318,145
535.6,0,240,37,317,146
535.8,13,326,58,423,197
536.0,13,330,67,428,213
536.2,13,325,65,424,203
536.4,13,319,64,417,204
536.6,13,322,63,422,202
536.8,13,326,61,423,210
537.0,13,320,62,419,204
537.2,13,308,69,412,209
537.4,13,307,76,411,220
537.6,13,313,72,414,219
537.8,13,306,75,409,210
538.0,0,235,32,313,142
538.2,0,235,33,314,142
538.4,0,235,31,312,143
538.6,0,234,30,312,141
538.8,0,236,34,313,144
539.0,0,236,34,314,145
539.2,0,235,34,314,145
539.4,0,235,33,313,144
539.6,0,234,33,313,144
539.8,0,234,33,312,143
540.0,0,234,33,312,143
540.2,0,234,35,312,144
540.4,0,234,33,311,144
540.6,0,233,33,311,144
540.8,0,232,32,310,144
541.0,0,232,33,310,143
541.2,0,233,32,311,143
541.4,0,384,91,441,169
541.4,13,188,49,255,150
541.6,0,382,92,438,168
541.6,13,189,50,256,150
541.8,0,380,91,435,167
541.8,13,190,51,257,150
542.0,0,378,91,432,167
542.0,13,190,52,257,150
542.2,0,377,90,432,167
542.2,13,190,50,257,151
542.4,0,376,92,431,168
542.4,13,190,51,258,151
542.6,0,377,94,431,169
542.6,13,189,51,258,150
542.8,0,377,95,432,169
542.8,13,190,53,257,149
543.0,0,378,95,433,171
543.0,13,189,52,257,149
543.2,0,380,97,435,170
543.2,13,189,53,256,150
543.4,0,381,98,438,172
543.4,13,189,55,256,151
543.6,0,383,99,441,173
543.6,13,187,57,256,153
543.8,0,385,99,443,174
543.8,13,183,58,257,155
544.0,0,385,98,443,174
544.0,13,179,62,256,157
544.2,0,386,99,443,174
544.2,13,178,62,254,157
544.4,0,233,35,311,144
544.6,0,233,34,311,144
544.8,0,232,35,310,144
545.0,0,232,33,310,145
545.2,0,232,33,310,145
545.4,0,232,35,310,145
545.6,0,233,35,311,146
545.8,0,233,35,311,145
546.0,0,385,92,443,171
546.0,13,176,61,255,157
546.2,0,385,91,442,171
546.2,13,176,61,255,157
546.4,0,384,91,442,171
546.4,13,176,62,254,158
546.6,0,385,91,442,171
546.6,13,176,62,254,158
546.8,0,385,92,442,172
546.8,13,176,61,254,158
547.0,0,385,92,442,171
547.0,13,176,63,255,157
547.2,0,385,92,443,171
547.2,13,176,64,253,157
547.4,0,386,93,444,173
547.4,13,177,64,252,158
547.6,0,387,93,445,173
547.6,13,177,63,253,158
547.8,0,387,93,445,172
547.8,13,177,63,256,157
548.0,0,387,94,445,172
548.0,13,177,63,255,157
548.2,8,483,65,544,153
548.2,30,283,34,319,81
548.2,8,2,27,69,126
548.4,8,485,65,545,154
548.4,30,283,34,319,81
548.4,8,1,23,69,130
548.6,8,486,67,547,156
548.6,30,285,36,322,82
548.6,8,3,26,67,121
548.8,8,486,67,546,153
548.8,30,294,39,330,84
548.8,8,3,28,67,121
549.0,8,486,67,547,155
549.0,30,299,39,335,84
549.0,8,3,28,66,123
549.2,8,485,68,546,153
549.2,30,299,38,336,84
549.2,8,3,27,65,130
549.4,8,480,60,540,144
549.4,30,296,33,332,81
549.4,8,3,29,66,127
549.6,8,478,60,539,147
549.6,30,291,31,328,79
549.6,8,5,30,67,123
549.8,8,481,64,541,152
549.8,30,289,29,326,77
549.8,8,5,29,68,129
550.0,8,482,66,543,154
550.0,30,288,29,324,76
550.0,8,6,30,68,128
550.2,0,387,92,445,171
550.2,13,173,73,249,165
550.4,0,387,92,446,172
550.4,13,179,74,258,165
550.6,0,389,92,447,171
550.6,13,190,81,271,169
550.8,0,391,92,449,173
550.8,13,195,84,276,173
551.0,0,391,93,449,171
551.0,13,178,81,258,171
551.2,0,392,93,450,172
551.2,13,167,81,246,170
551.4,0,392,93,450,171
551.4,13,167,81,248,170
551.6,0,392,93,450,172
551.6,13,180,83,264,173
551.8,0,391,92,449,172
551.8,13,208,94,286,180
552.0,0,391,91,449,171
552.0,13,224,102,301,186
552.2,0,392,90,449,170
552.2,13,238,107,312,191
552.4,0,391,90,448,170
552.4,13,240,120,321,203
552.6,0,388,92,445,170
552.6,13,238,132,321,224
552.8,0,386,93,443,170
552.8,13,245,128,326,218
553.0,0,385,94,442,169
553.0,13,245,129,328,223
553.2,0,385,93,442,168
553.2,13,251,142,335,235
553.4,0,385,92,442,168
553.4,13,248,137,331,226
553.6,0,385,91,442,168
553.6,13,237,125,325,214
553.8,0,385,89,442,168
553.8,13,239,123,322,207
554.0,0,385,89,442,167
554.0,13,238,122,323,206
554.2,13,328,65,426,207
554.4,13,328,65,426,208
554.6,13,327,65,426,206
554.8,13,325,64,423,209
555.0,13,325,65,425,211
555.2,13,327,66,426,211
555.4,13,327,68,426,213
555.6,13,328,68,426,217
555.8,13,329,69,427,216
556.0,13,329,72,429,218
556.2,0,231,36,308,148
556.4,0,230,39,308,148
556.6,0,228,40,306,151
556.8,0,227,41,307,150
557.0,0,228,40,305,150
557.2,0,224,42,303,150
557.4,0,221,41,300,149
557.6,0,222,42,300,151
557.8,0,224,41,303,150
558.0,0,226,42,305,152
558.2,0,227,40,305,149
558.4,8,451,90,516,174
558.4,30,236,37,271,88
558.6,8,451,90,516,174
558.6,30,237,37,273,88
558.6,31,177,180,190,196
558.8,8,452,90,516,174
558.8,30,237,31,274,85
558.8,31,177,180,189,195
559.0,8,452,90,517,174
559.0,30,237,29,275,82
559.0,31,177,180,190,196
559.2,8,452,90,517,174
559.2,30,232,30,271,83
559.2,31,177,180,190,196
559.4,8,453,90,518,172
559.4,30,231,32,269,84
559.4,31,177,180,189,196
559.6,8,453,91,518,172
559.6,30,231,31,270,82
559.6,31,177,180,190,196
559.8,0,399,76,453,155
559.8,13,229,81,307,188
560.0,0,399,75,452,154
560.0,13,231,57,308,170
560.2,0,399,74,452,151
560.2,13,227,54,305,168
560.4,0,398,74,452,152
560.4,13,231,67,306,176
560.6,0,397,75,451,151
560.6,13,227,89,311,188
560.8,0,396,75,450,152
560.8,13,230,107,315,198
561.0,8,453,89,517,173
561.0,30,227,32,267,82
561.2,8,452,83,511,170
561.2,30,228,33,268,83
561.4,8,449,81,508,168
561.4,30,228,33,269,83
561.6,8,451,81,510,167
561.6,30,228,33,270,84
561.8,8,450,83,510,170
561.8,30,227,32,268,83
562.0,8,449,86,510,172
562.0,30,225,32,266,83
562.2,0,393,75,447,153
562.2,13,250,139,341,231
562.4,0,393,74,447,152
562.4,13,247,143,338,235
562.6,0,392,75,448,153
562.6,13,252,142,337,231
562.8,0,392,76,448,155
562.8,13,253,134,337,221
563.0,0,393,77,450,156
563.0,13,251,134,338,221
563.2,0,393,78,451,156
563.2,13,245,132,337,217
563.4,8,455,87,517,170
563.4,30,222,35,267,88
563.6,8,453,86,515,173
563.6,30,221,39,261,91
563.8,8,455,84,517,174
563.8,30,219,38,258,93
564.0,8,457,84,517,172
564.0,30,220,39,258,94
564.2,8,457,84,517,173
564.2,30,221,40,259,94
564.4,32,452,64,494,117
564.6,32,452,64,494,117
564.8,32,452,64,494,117
565.0,32,453,64,494,117
565.2,32,452,64,494,117
565.4,32,453,64,494,117
565.6,33,157,66,195,123
565.6,32,451,62,493,116
565.8,33,157,66,195,123
565.8,32,451,63,493,116
566.0,33,157,66,195,123
566.0,32,451,63,494,117
566.2,33,157,66,195,123
566.2,32,451,64,494,117
566.4,33,157,66,195,123
566.4,32,452,65,494,117
566.6,33,157,66,195,123
566.6,32,452,65,494,117
566.8,8,461,87,524,169
566.8,30,250,31,289,77
567.0,8,461,86,524,170
567.0,30,242,31,282,80
567.2,8,461,86,524,170
567.2,30,239,30,279,81
567.4,8,461,87,524,170
567.4,30,237,30,276,81
567.4,31,162,176,173,190
567.6,8,461,87,525,170
567.6,30,235,32,274,81
567.8,8,461,87,525,171
567.8,30,237,32,276,81
567.8,31,162,176,173,190
568.0,33,157,66,195,123
568.0,32,452,63,494,117
568.2,33,157,66,195,123
568.2,32,452,63,494,117
568.4,32,448,63,491,117
568.4,33,163,71,200,126
568.4,30,295,58,336,108
568.6,32,448,62,491,117
568.6,33,163,71,200,127
568.6,30,295,58,337,109
568.8,32,448,62,491,117
568.8,33,163,71,200,127
568.8,30,295,58,337,109
569.0,32,448,62,491,117
569.0,33,163,71,200,127
569.0,30,295,58,337,109
569.2,32,448,62,491,117
569.2,33,163,71,200,126
569.2,30,296,59,338,109
569.4,32,448,62,491,117
569.4,33,163,71,200,126
569.4,30,298,60,340,108
569.6,32,448,62,491,117
569.6,33,163,71,200,127
569.6,30,298,60,340,109
569.8,32,448,62,491,117
569.8,33,163,72,200,126
569.8,30,298,58,340,109
570.0,8,475,70,539,158
570.0,30,242,21,278,72
570.0,8,54,52,116,175
570.2,8,474,68,535,157
570.2,30,242,21,277,72
570.2,8,53,44,114,171
570.4,8,469,68,532,159
570.4,30,242,21,277,71
570.4,8,54,37,113,163
570.6,8,464,74,527,161
570.6,30,241,20,277,70
570.6,8,53,40,113,166
570.8,8,463,75,528,161
570.8,30,241,20,277,70
570.8,8,52,43,111,171
571.0,8,463,76,528,161
571.0,30,241,21,276,70
571.0,8,47,42,109,176
571.2,8,461,73,526,159
571.2,30,241,21,277,69
571.2,8,47,41,110,175
571.4,8,462,69,528,152
571.4,30,244,22,281,70
571.4,8,50,46,109,171
571.6,8,463,65,522,150
571.6,30,247,22,284,70
571.6,8,50,48,108,172
571.8,8,457,64,510,154
571.8,30,249,23,285,69
571.8,8,51,51,109,170
572.0,8,457,63,509,153
572.0,30,249,24,286,70
572.0,8,55,60,112,167
572.2,8,457,63,510,152
572.2,30,251,23,288,70
572.4,0,387,71,446,152
572.4,13,225,112,313,200
572.6,0,391,71,447,150
572.6,13,221,109,305,200
572.8,0,391,70,447,150
572.8,13,222,109,306,203
573.0,0,391,70,446,150
573.0,13,225,87,312,199
573.2,0,391,70,446,150
573.2,13,228,92,313,202
573.4,0,390,70,445,149
573.4,13,231,97,314,200
573.6,0,389,69,445,149
573.6,13,225,111,312,209
573.8,8,466,67,530,150
573.8,30,251,33,287,80
573.8,8,31,21,91,142
574.0,8,466,67,530,150
574.0,30,254,23,289,71
574.0,8,30,22,87,142
574.2,8,466,69,530,150
574.2,30,261,24,297,71
574.2,8,31,24,90,144
574.4,8,467,68,531,151
574.4,30,267,33,303,81
574.4,8,32,19,98,152
574.6,8,467,68,532,151
574.6,30,268,35,305,84
574.6,8,36,30,99,150
574.8,8,467,68,531,152
574.8,30,267,34,304,82
574.8,8,33,24,100,159
575.0,8,470,67,534,150
575.0,30,267,33,303,81
575.2,8,478,66,541,151
575.2,30,266,32,302,80
575.4,8,488,76,549,161
575.4,30,267,34,303,80
575.6,8,492,79,555,162
575.6,30,267,34,304,80
575.8,8,490,78,552,162
575.8,30,267,33,304,80
575.8,8,52,73,115,173
576.0,34,245,118,272,168
576.0,35,494,93,540,178
576.2,34,245,118,272,168
576.2,35,494,93,540,178
576.4,34,245,118,272,168
576.4,35,494,93,541,178
576.6,34,245,118,272,168
576.6,35,494,93,541,178
576.8,34,245,118,272,168
576.8,35,495,93,542,178
577.0,34,245,118,272,168
577.0,35,495,92,542,178
577.2,34,245,118,272,168
577.2,35,495,93,542,179
577.4,34,245,118,272,168
577.4,35,496,92,543,179
577.6,34,245,118,272,168
577.6,35,496,93,543,178
577.8,34,245,118,272,168
577.8,35,495,91,544,179
578.0,34,245,119,272,168
578.0,35,496,93,542,178
578.2,34,245,119,272,168
578.2,35,496,92,543,178
578.4,34,245,119,272,168
578.4,35,496,92,543,178
578.6,34,245,119,272,168
578.6,35,496,92,543,179
578.8,34,245,119,272,168
578.8,35,496,92,543,179
579.0,34,245,118,272,168
579.0,35,496,92,543,179
579.2,34,245,118,272,168
579.2,35,496,92,543,179
579.4,34,245,118,272,168
579.4,35,495,90,544,180
579.6,34,245,118,272,168
579.6,35,495,90,544,180
579.8,34,245,119,272,169
579.8,35,496,93,542,179
580.0,34,245,118,272,170
580.0,35,495,91,544,179
580.2,34,246,120,273,171
580.2,35,497,92,545,180
580.4,35,500,92,550,177
580.4,34,247,120,273,171
580.6,34,248,119,275,170
580.6,35,498,92,548,179
580.8,35,497,92,544,180
580.8,34,247,118,274,168
581.0,35,496,93,543,180
581.0,34,248,118,275,168
581.2,30,157,70,209,139
581.2,36,488,18,497,29
581.4,30,158,69,209,139
581.4,36,488,18,497,29
581.6,30,158,70,209,140
581.6,36,488,18,497,29
581.8,30,156,70,209,140
581.8,36,488,18,497,29
582.0,30,158,70,209,140
582.0,36,488,18,497,29
582.2,30,157,70,209,139
582.2,36,488,18,497,29
582.4,30,158,69,210,141
582.4,36,488,18,497,29
582.6,30,158,69,210,141
582.6,36,488,18,497,29
582.8,37,354,67,431,168
583.0,37,353,68,431,169
583.2,37,353,70,430,170
583.4,37,353,69,430,171
583.6,37,352,67,428,169
583.8,37,351,64,427,166
584.0,37,348,66,425,169
584.2,37,347,67,425,169
584.4,37,347,70,423,172
584.6,37,346,70,423,172
584.8,37,345,70,423,171
585.0,37,344,71,422,172
585.2,37,344,70,422,171
585.4,37,346,71,424,171
585.6,37,348,71,425,172
585.8,37,349,72,426,172
586.0,30,158,69,209,141
586.0,36,488,17,497,29
586.2,30,158,69,209,141
586.2,36,488,18,497,29
586.4,30,158,69,209,142
586.4,36,488,17,497,29
586.6,30,158,69,209,142
586.6,36,488,18,497,29
586.8,30,158,69,209,141
586.8,36,488,17,497,29
587.0,30,158,69,210,140
587.2,30,158,69,210,139
587.4,30,158,69,210,139
587.6,30,360,57,442,163
587.8,30,362,58,442,164
588.0,30,359,59,440,166
588.2,30,359,59,440,166
588.4,30,359,61,440,166
588.6,30,358,60,440,166
588.8,30,358,60,439,166
589.0,37,351,71,427,172
589.2,37,351,71,427,172
589.4,37,351,70,427,172
589.6,37,352,72,428,173
589.8,37,352,73,428,174
590.0,37,352,72,428,173
590.2,37,351,73,427,173
590.4,37,348,67,426,170
590.6,37,339,65,416,171
590.8,37,328,70,404,176
591.0,37,328,68,404,175
591.2,37,327,67,402,174
591.4,37,327,74,404,186
591.6,37,324,87,403,190
591.8,37,256,42,343,144
592.0,-1,193,-25,274,63
594.2,8,415,105,477,190
594.2,30,254,43,293,92
594.4,8,417,104,478,187
594.4,30,256,43,293,93
594.6,8,418,104,480,187
594.6,30,256,43,295,93
594.8,8,421,104,484,187
594.8,30,257,43,296,93
595.0,8,425,104,489,186
595.0,30,257,43,297,93
595.2,8,424,103,488,186
595.2,30,258,43,298,93
595.4,8,420,102,481,189
595.4,30,259,43,298,93
595.4,8,53,78,113,189
595.6,8,416,103,478,186
595.6,30,259,43,299,93
595.8,8,414,104,475,187
595.8,30,260,41,299,93
596.0,8,414,104,474,189
596.0,30,262,44,300,92
596.2,8,414,104,478,189
596.2,30,264,43,302,91
596.4,8,408,106,472,194
596.4,30,263,41,301,89
596.6,8,399,111,462,201
596.6,30,256,36,295,87
596.8,8,393,109,456,204
596.8,30,247,33,286,83
597.0,37,273,59,351,163
597.2,37,257,59,339,164
597.4,37,259,58,339,162
597.6,37,267,46,344,155
597.8,37,259,45,338,155
598.0,37,254,50,333,156
598.2,37,251,50,331,159
598.4,37,255,52,334,161
598.6,37,257,57,336,160
598.8,37,260,55,338,164
599.0,37,263,59,340,165
599.2,37,255,62,335,170
599.4,37,257,64,338,167
599.6,30,156,81,213,144
599.8,30,156,81,214,143
600.0,30,157,81,214,144
600.2,30,158,82,215,145
600.4,30,158,82,213,145
600.6,30,158,82,214,145
600.8,30,158,82,214,145
601.0,30,158,82,214,145
601.2,8,390,94,462,195
601.2,30,280,33,319,87
601.4,8,390,96,462,195
601.4,30,280,37,320,91
601.4,31,211,176,222,190
601.6,8,390,94,462,195
601.6,30,279,38,320,92
601.8,8,391,96,463,195
601.8,30,282,39,323,94
601.8,31,212,176,223,190
602.0,8,391,95,464,195
602.0,30,285,40,325,93
602.0,31,212,176,223,189
602.0,-1,225,178,239,192
602.2,8,390,93,463,196
602.2,30,286,38,327,92
602.4,8,389,93,462,196
602.4,30,289,37,329,91
602.6,30,290,38,330,91
602.6,8,390,89,462,192
602.8,8,392,89,462,191
602.8,30,290,37,330,90
602.8,8,114,75,174,184
603.0,8,391,92,463,192
603.0,30,289,36,329,90
603.0,8,109,86,173,190
603.2,8,390,93,462,192
603.2,30,289,36,329,90
603.4,8,390,94,462,192
603.4,30,289,36,329,90
603.6,8,388,96,461,194
603.6,30,289,37,329,90
603.6,-1,230,251,273,304
603.8,8,388,96,459,193
603.8,30,290,35,330,89
604.0,8,387,94,456,195
604.0,30,292,37,331,89
604.2,8,386,93,455,194
604.2,30,289,37,328,89
604.4,8,386,93,455,194
604.4,30,287,35,327,88
604.6,8,386,92,456,193
604.6,30,286,33,325,87
604.8,8,387,92,456,193
604.8,30,285,32,324,87
605.0,8,385,95,454,195
605.0,30,286,33,324,85
605.0,31,211,176,222,189
605.2,8,380,96,449,196
605.2,30,290,33,329,85
605.4,8,373,97,439,197
605.4,38,302,37,341,87
605.6,8,367,100,432,196
605.6,38,312,40,346,90
605.8,8,365,101,432,203
605.8,38,314,39,346,90
606.0,8,364,102,436,200
606.0,38,313,40,346,89
606.2,8,362,104,434,201
606.2,38,311,39,345,87
606.4,8,359,107,431,203
606.4,38,310,38,344,87
606.6,8,359,110,433,203
606.6,38,307,36,343,86
606.8,8,368,112,443,204
606.8,-1,298,27,337,77
607.0,8,377,112,454,203
607.0,30,291,27,330,77
607.2,8,379,114,458,207
607.2,30,286,33,325,85
607.4,8,378,118,457,209
607.4,30,284,33,323,89
607.6,8,379,115,458,208
607.6,30,282,32,322,87
607.8,8,381,115,459,205
607.8,30,277,30,318,83
608.0,8,380,114,459,208
608.0,30,275,29,316,82
608.2,8,378,110,456,205
608.2,30,275,28,315,81
608.4,8,372,102,445,198
608.4,30,275,28,315,81
608.6,0,381,74,438,156
608.6,8,554,50,621,155
608.6,13,209,82,290,188
608.8,0,384,73,439,154
608.8,13,201,70,284,175
608.8,8,558,50,614,150
609.0,0,384,73,437,152
609.0,13,196,62,273,171
609.0,8,562,50,617,152
609.2,0,383,72,436,151
609.2,13,190,55,269,160
609.2,8,562,48,617,152
609.4,0,383,72,436,150
609.4,13,189,47,266,150
609.4,8,562,48,617,152
609.6,8,372,108,437,204
609.6,30,290,32,329,85
609.8,8,372,107,438,204
609.8,30,300,34,337,88
610.0,8,372,106,438,201
610.0,30,289,32,329,84
610.2,8,372,107,439,201
610.2,30,283,30,322,83
610.4,8,373,108,439,202
610.4,30,280,32,319,82
610.6,8,372,108,440,200
610.6,30,279,31,316,81
610.8,8,372,104,442,203
610.8,30,276,30,316,82
611.0,8,373,105,443,203
611.0,30,273,33,313,83
611.2,8,374,107,443,204
611.2,30,273,31,312,85
611.4,8,376,109,446,202
611.4,30,271,29,311,82
611.6,8,384,102,453,197
611.6,30,272,29,312,81
611.8,8,387,94,458,193
611.8,30,273,30,312,81
612.0,30,373,58,450,164
612.2,30,376,63,454,167
612.4,30,373,66,451,172
612.6,30,371,71,450,178
612.8,30,372,72,451,180
613.0,30,374,73,453,179
613.2,30,375,72,454,177
613.4,30,377,69,457,175
613.6,8,396,105,468,204
613.6,30,288,36,329,90
613.8,8,397,106,470,204
613.8,30,286,35,328,90
614.0,8,397,108,470,205
614.0,30,289,35,329,90
614.2,8,398,107,470,205
614.2,30,291,35,332,91
614.4,30,294,37,335,91
614.4,8,398,104,470,205
614.6,30,300,35,340,90
614.6,8,397,102,470,204
614.8,30,293,35,335,91
614.8,8,394,98,455,205
615.0,30,291,33,333,88
615.0,8,395,101,448,201
615.2,30,291,33,333,88
615.2,8,392,102,447,201
615.4,30,295,34,336,89
615.4,8,391,101,447,202
615.6,30,296,36,337,89
615.6,8,391,99,447,203
615.8,30,297,38,338,90
615.8,8,391,101,447,203
615.8,-1,222,102,258,161
616.0,30,304,37,343,89
616.0,8,391,96,447,203
616.2,8,391,98,447,202
616.2,30,308,37,347,89
616.2,8,163,113,219,213
616.4,8,390,98,447,204
616.4,38,315,36,354,94
616.6,8,391,98,448,204
616.6,30,303,38,343,88
616.8,30,290,34,329,88
616.8,8,393,98,452,204
617.0,30,284,34,324,88
617.0,8,400,94,463,198
617.2,0,384,78,438,158
617.2,13,234,96,310,199
617.4,0,384,78,437,158
617.4,13,232,97,315,208
617.6,0,384,78,438,157
617.6,13,229,120,312,215
617.8,0,384,77,437,157
617.8,13,234,127,316,214
618.0,0,384,77,438,158
618.0,13,236,129,319,216
618.2,0,384,76,438,157
618.2,13,235,129,318,217
618.4,0,384,74,438,156
618.4,13,238,130,319,217
618.4,8,578,40,633,156
618.6,0,385,74,438,156
618.6,13,233,128,317,218
618.6,8,567,37,626,159
618.8,0,385,75,438,156
618.8,13,236,123,318,209
618.8,8,563,32,630,160
619.0,0,385,77,439,158
619.0,13,236,123,318,213
619.0,8,565,33,629,160
619.2,0,384,76,439,158
619.2,13,237,125,319,217
619.2,8,565,33,629,161
619.4,0,385,76,439,157
619.4,13,236,123,319,211
619.4,8,565,32,630,161
619.6,0,384,75,440,157
619.6,13,236,125,317,213
619.6,8,565,32,630,161
619.8,0,385,74,440,157
619.8,13,232,125,314,216
619.8,8,570,37,625,155
620.0,0,385,74,440,157
620.0,13,233,124,315,214
620.0,8,577,43,628,154
620.2,8,400,88,467,194
620.2,30,283,35,323,89
620.4,8,405,84,470,190
620.4,30,285,37,323,88
620.6,30,289,36,329,87
620.6,8,407,82,472,189
620.8,8,403,83,467,190
620.8,30,292,36,331,87
621.0,8,399,85,464,192
621.0,30,288,31,328,83
621.2,30,290,33,328,83
621.2,8,400,85,464,193
621.4,8,401,85,466,192
621.4,38,303,38,337,88
621.6,8,401,85,465,193
621.6,38,312,41,343,91
621.8,0,385,76,439,156
621.8,13,208,83,290,189
622.0,0,383,76,439,156
622.0,13,214,91,297,193
622.2,0,382,76,438,156
622.2,13,223,105,308,199
622.4,0,381,76,437,155
622.4,13,222,113,309,204
622.6,0,379,73,435,151
622.6,13,222,100,304,196
622.8,0,379,73,435,151
622.8,13,219,104,300,197
623.0,8,404,88,472,194
623.0,30,347,33,386,84
623.2,8,404,88,470,194
623.2,30,342,35,381,85
623.4,30,333,34,373,85
623.4,8,403,93,457,185
623.6,30,325,37,365,87
623.6,-1,406,107,449,180
623.8,30,305,39,345,88
623.8,-1,410,96,453,181
624.0,30,285,35,326,86
624.0,-1,445,82,485,165
624.2,8,479,67,528,160
624.2,30,272,34,313,86
624.4,8,494,68,554,164
624.4,30,262,35,303,87
624.6,8,485,67,540,162
624.6,30,251,38,292,91
624.6,8,130,88,194,207
624.8,30,246,32,290,90
624.8,8,450,70,494,158
624.8,8,93,73,160,208
625.0,30,242,35,287,93
625.0,8,412,81,455,164
625.0,39,71,96,145,226
625.2,30,236,36,281,95
625.2,8,374,84,418,172
625.2,39,62,113,143,249
625.4,30,226,34,274,97
625.4,8,342,99,387,187
625.4,39,59,109,138,246
625.6,30,220,34,269,102
625.6,8,316,111,369,201
625.6,39,58,89,131,235
625.8,30,222,39,271,106
625.8,8,305,116,354,211
625.8,8,62,76,129,212
626.0,30,223,40,273,107
626.0,8,296,118,351,207
626.2,0,418,77,473,159
626.2,13,120,50,196,149
626.4,0,428,79,485,165
626.4,13,111,44,186,148
626.6,0,433,81,490,169
626.6,13,120,38,193,141
626.6,8,595,38,644,111
626.8,0,431,81,489,168
626.8,13,153,23,219,134
626.8,8,595,38,643,113
627.0,0,423,85,480,169
627.0,13,176,27,239,128
627.2,0,415,86,472,170
627.2,13,191,34,251,132
627.4,0,406,86,463,171
627.4,13,195,41,256,142
627.6,0,401,88,457,170
627.6,13,195,48,254,140
627.8,0,399,93,456,174
627.8,13,190,45,251,141
628.0,0,394,104,450,181
628.0,13,182,39,244,138
628.2,0,391,106,449,183
628.2,13,181,33,243,136
628.4,0,390,109,448,184
628.4,13,188,36,250,138
628.4,8,538,21,597,121
628.6,0,390,108,446,183
628.6,13,210,46,271,150
628.6,8,537,22,597,123
628.8,0,384,104,438,180
628.8,13,227,53,285,158
628.8,8,535,23,594,118
629.0,0,375,102,428,179
629.0,13,234,59,288,160
629.0,8,534,23,589,115
629.2,0,366,98,416,175
629.2,13,229,61,288,163
629.2,8,538,24,590,113
629.4,0,355,97,407,172
629.4,13,224,60,286,159
629.4,8,540,21,589,105
629.6,0,346,99,400,175
629.6,13,219,60,285,158
629.6,8,541,20,588,104
629.8,0,345,103,400,179
629.8,13,212,65,278,163
629.8,8,543,22,587,104
630.0,0,348,105,403,179
630.0,13,200,67,269,166
630.0,8,540,21,585,102
630.2,0,348,97,407,175
630.2,13,202,53,267,154
630.2,8,536,18,587,107
630.4,0,351,95,406,172
630.4,13,204,42,271,141
630.4,8,534,18,593,113
630.6,0,353,94,405,170
630.6,13,213,44,278,144
630.6,8,537,16,598,114
630.8,0,350,91,403,171
630.8,13,219,40,284,141
630.8,8,535,16,592,101
631.0,0,350,92,403,171
631.0,13,223,39,289,138
631.0,8,533,14,582,92
631.2,0,346,95,399,173
631.2,13,227,39,296,142
631.2,8,527,17,573,98
631.4,0,344,96,400,176
631.4,13,229,39,296,141
631.4,8,519,17,569,101
631.6,0,349,95,405,178
631.6,13,229,39,297,143
631.6,8,517,14,566,104
631.8,0,353,95,409,177
631.8,13,235,37,301,140
631.8,8,515,11,565,109
632.0,0,356,96,410,175
632.0,13,244,31,309,133
632.0,8,520,11,570,107
632.2,0,360,96,414,173
632.2,13,249,28,313,128
632.2,8,522,11,573,104
632.4,0,365,94,419,173
632.4,13,251,22,314,126
632.4,8,524,8,576,103
632.6,0,368,94,423,170
632.6,13,253,23,316,124
632.6,8,534,13,571,89
632.8,0,367,93,421,170
632.8,13,251,28,315,128
633.0,0,363,92,417,171
633.0,13,252,27,316,133
633.2,0,362,92,416,171
633.2,13,256,30,316,131
633.4,0,362,91,416,168
633.4,13,255,29,316,130
633.6,0,360,89,415,166
633.6,13,255,27,316,130
633.8,0,361,89,415,166
633.8,13,251,29,315,129
634.0,0,362,89,417,166
634.0,13,249,30,313,135
634.2,0,362,89,417,167
634.2,13,246,30,310,134
634.4,0,364,89,418,167
634.4,13,243,29,308,131
634.6,0,230,39,308,150
634.8,0,227,40,304,149
635.0,0,228,39,304,147
635.2,0,227,40,304,148
635.4,0,228,41,305,147
635.6,0,228,39,306,148
635.8,0,228,40,305,147
636.0,0,228,42,306,148
636.2,0,227,42,305,148
636.4,0,228,41,306,148
636.6,0,227,41,305,148
636.8,0,322,72,369,133
636.8,13,147,62,205,126
637.0,0,321,72,369,133
637.0,13,147,62,205,125
637.2,13,148,62,204,124
637.2,0,320,73,369,133
637.4,0,318,73,368,133
637.4,13,148,62,204,122
637.6,0,317,73,367,133
637.6,13,146,61,203,125
637.8,0,317,73,367,133
637.8,13,145,61,203,128
638.0,0,318,73,368,133
638.0,13,144,62,203,128
638.2,13,143,61,203,130
638.2,0,319,73,369,133
638.4,13,143,61,203,129
638.4,0,320,72,369,133
638.6,0,320,72,369,133
638.6,13,146,62,203,127
638.8,0,321,71,369,133
638.8,13,148,61,204,125
639.0,0,322,71,370,132
639.0,13,149,61,205,123
639.2,0,323,71,370,132
639.2,13,150,61,205,123
639.4,0,323,71,370,132
639.4,13,152,60,207,123
639.6,0,323,71,370,131
639.6,13,153,59,209,120
639.8,0,324,69,371,131
639.8,13,155,59,209,117
640.0,0,325,69,372,131
640.0,13,157,59,210,118
640.2,0,326,69,373,130
640.2,13,158,59,212,118
640.4,0,326,69,373,131
640.4,13,160,59,213,116
640.6,0,326,69,373,131
640.6,13,161,59,214,117
640.8,0,326,70,373,131
640.8,13,161,60,214,118
641.0,0,326,69,372,130
641.0,13,160,59,214,117
641.2,0,326,69,372,130
641.2,13,161,59,213,116
641.4,13,315,74,414,213
641.6,13,317,74,416,216
641.8,13,316,80,414,217
642.0,13,318,76,417,217
642.2,13,316,78,414,218
642.4,13,316,78,415,217
642.6,13,315,79,414,217
642.8,0,234,34,311,143
643.0,0,235,34,312,143
643.2,0,234,33,311,143
643.4,0,230,34,309,142
643.6,0,231,36,308,143
643.8,0,229,35,307,143
644.0,0,228,36,305,143
644.2,30,365,64,446,175
644.4,30,371,72,453,184
644.6,30,374,75,458,190
644.8,30,374,76,456,191
645.0,30,372,77,455,191
645.2,30,372,77,454,189
645.4,30,371,77,453,188
645.6,8,255,47,309,127
645.8,8,255,51,309,133
646.0,8,255,52,309,132
646.2,8,255,52,309,132
646.4,8,255,52,309,133
646.6,8,255,51,309,132
646.8,8,253,51,308,132
647.0,8,254,52,308,132
647.2,0,318,72,366,132
647.2,13,156,60,211,124
647.4,0,318,72,367,132
647.4,13,155,60,211,124
647.6,0,318,72,366,132
647.6,13,156,60,211,125
647.8,0,318,72,366,132
647.8,13,156,60,211,126
648.0,0,318,72,366,132
648.0,13,155,60,210,125
648.2,0,318,72,366,132
648.2,13,155,60,210,124
648.4,0,317,72,366,132
648.4,13,155,60,210,125
648.6,0,317,71,366,132
648.6,13,155,60,210,126
648.8,0,317,71,365,133
648.8,13,154,60,210,126
649.0,0,317,72,365,133
649.0,13,154,60,210,125
649.2,0,316,72,365,133
649.2,13,154,60,210,125
649.4,0,312,73,363,134
649.4,13,154,60,210,125
649.6,0,311,73,362,134
649.6,13,154,60,209,126
649.8,0,311,73,362,134
649.8,13,153,60,209,127
650.0,0,312,73,362,134
650.0,13,153,61,209,127
650.2,0,313,72,363,133
650.2,13,153,60,209,128
650.4,0,313,72,363,133
650.4,13,153,60,209,127
650.6,0,314,72,363,133
650.6,13,153,60,209,127
650.8,0,314,72,363,133
650.8,13,153,60,209,128
651.0,0,314,72,363,133
651.0,13,153,61,209,128
651.2,0,314,72,363,133
651.2,13,153,61,208,127
651.4,0,314,72,363,133
651.4,13,153,61,208,127
651.6,0,314,73,364,133
651.6,13,153,61,209,127
651.8,0,314,73,364,133
651.8,13,153,60,209,127
652.0,0,314,73,364,133
652.0,13,153,60,209,127
652.2,0,314,72,364,133
652.2,13,153,61,209,127
652.4,0,314,72,364,133
652.4,13,153,60,209,127
652.6,0,314,72,364,133
652.6,13,153,60,209,128
652.8,0,314,72,364,133
652.8,13,153,60,209,127
653.0,0,314,73,363,133
653.0,13,153,61,209,127
653.2,0,314,73,363,133
653.2,13,153,60,209,128
653.4,0,314,73,364,133
653.4,13,153,60,209,128
653.6,0,314,72,364,133
653.6,13,153,60,209,127
653.8,0,314,73,364,133
653.8,13,153,61,209,127
654.0,0,315,72,364,133
654.0,13,153,61,209,127
654.2,0,316,71,365,133
654.2,13,153,61,209,127
654.4,13,153,61,209,127
654.4,0,321,70,368,131
654.6,0,323,69,370,130
654.6,13,153,60,209,127
654.8,0,324,69,371,130
654.8,13,153,60,209,127
655.0,0,324,69,371,130
655.0,13,153,60,209,127
655.2,0,323,69,370,130
655.2,13,153,60,209,126
655.4,0,323,70,369,131
655.4,13,153,61,209,126
655.6,0,323,69,370,131
655.6,13,153,61,209,126
655.8,0,326,68,372,130
655.8,13,153,61,209,127
656.0,0,327,67,372,129
656.0,13,153,61,209,127
656.2,0,327,68,373,129
656.2,13,153,61,209,126
656.4,0,328,68,373,130
656.4,13,154,61,209,125
656.6,0,329,67,375,130
656.6,13,158,60,212,123
656.8,0,330,67,376,130
656.8,13,161,60,214,122
657.0,0,329,67,375,129
657.0,13,161,60,214,123
657.2,0,328,67,373,129
657.2,13,162,60,214,121
657.4,0,327,67,373,129
657.4,13,162,60,214,121
657.6,0,323,71,369,132
657.6,13,162,60,214,121
657.8,0,320,72,367,133
657.8,13,162,60,214,121
658.0,0,320,72,367,133
658.0,13,162,60,214,121
658.2,0,322,70,368,132
658.2,13,163,60,215,122
658.4,0,323,70,369,132
658.4,13,167,61,219,122
658.6,0,324,70,370,132
658.6,13,170,62,221,124
658.8,0,325,69,371,132
658.8,13,170,63,221,125
659.0,0,325,69,371,132
659.0,13,170,63,222,126
659.2,0,324,70,371,132
659.2,13,170,63,222,126
659.4,0,323,71,370,132
659.4,13,170,63,222,126
659.6,0,322,72,370,134
659.6,13,171,63,222,127
659.8,0,321,72,369,134
659.8,13,171,63,222,128
660.0,0,321,72,369,134
660.0,13,171,63,222,128
660.2,0,321,72,369,133
660.2,13,171,63,222,128
660.4,0,323,73,370,133
660.4,13,171,63,222,128
660.6,0,327,74,374,138
660.6,13,171,63,222,128
660.8,0,324,75,372,139
660.8,13,171,63,222,128
661.0,0,319,74,368,138
661.0,13,171,63,222,127
661.2,0,314,74,364,138
661.2,13,171,63,222,127
661.4,0,311,75,363,137
661.4,13,171,63,222,127
661.6,0,311,75,364,137
661.6,13,170,63,222,127
661.8,0,311,74,364,137
661.8,13,170,63,222,126
662.0,0,313,74,364,136
662.0,13,170,63,221,126
662.2,0,314,75,364,136
662.2,13,170,63,222,125
662.4,0,315,74,365,135
662.4,13,170,63,222,126
662.6,0,316,74,365,135
662.6,13,170,63,222,126
662.8,0,317,74,366,134
662.8,13,170,63,222,127
663.0,30,372,57,448,163
663.2,30,370,58,447,167
663.4,30,368,59,445,163
663.6,30,366,56,443,159
663.8,30,367,56,445,159
664.0,30,368,56,447,161
664.2,30,366,61,444,166
664.4,30,363,62,442,168
664.6,30,363,63,441,169
664.8,30,363,62,441,168
665.0,0,387,61,448,147
665.0,13,172,44,244,133
665.2,0,388,62,449,147
665.2,13,173,44,244,132
665.4,0,388,61,449,146
665.4,13,173,44,244,132
665.6,0,386,58,447,144
665.6,13,173,44,244,132
665.8,0,385,57,446,144
665.8,13,173,44,244,131
666.0,0,383,58,444,143
666.0,13,173,44,245,132
666.2,0,382,58,443,143
666.2,13,173,43,245,132
666.4,0,383,59,444,143
666.4,13,173,43,246,133
666.6,0,383,59,444,144
666.6,13,173,43,247,133
666.8,0,381,59,442,143
666.8,13,175,44,248,133
667.0,0,373,58,435,144
667.0,13,176,43,248,132
667.2,0,375,59,437,145
667.2,13,177,44,249,132
667.4,0,381,60,443,146
667.4,13,178,44,250,132
667.6,0,383,60,444,147
667.6,13,180,44,253,134
667.8,0,385,61,446,147
667.8,13,184,43,255,132
668.0,0,387,61,448,147
668.0,13,188,41,258,133
668.2,0,389,62,450,147
668.2,13,189,43,258,134
668.4,0,393,61,454,147
668.4,13,187,42,258,134
668.6,0,395,60,457,146
668.6,13,187,43,258,135
668.8,0,398,60,459,145
668.8,13,186,42,257,136
669.0,0,398,58,459,144
669.0,13,185,42,257,136
669.2,0,398,58,460,144
669.2,13,185,42,256,135
669.4,0,400,58,462,144
669.4,13,186,42,257,135
669.6,0,403,58,465,142
669.6,13,187,42,258,135
669.8,0,403,57,465,142
669.8,13,185,42,257,134
670.0,0,400,56,463,142
670.0,13,182,40,254,131
670.2,0,399,56,461,142
670.2,13,181,41,253,128
670.4,0,399,57,461,142
670.4,13,181,41,253,128
670.6,0,397,57,458,142
670.6,13,181,40,253,129
670.8,0,395,57,456,142
670.8,13,181,40,253,130
671.0,0,394,57,455,142
671.0,13,182,40,254,130
671.2,0,394,57,455,141
671.2,13,182,39,254,131
671.4,0,394,57,455,141
671.4,13,183,39,255,131
671.6,0,394,56,455,141
671.6,13,185,41,257,133
671.8,0,393,56,455,142
671.8,13,186,40,257,134
672.0,0,393,56,455,143
672.0,13,186,41,257,134
672.2,0,392,57,454,143
672.2,13,186,41,258,135
672.4,0,391,56,454,143
672.4,13,186,41,258,135
672.6,0,391,56,453,143
672.6,13,187,40,258,135
672.8,0,391,55,453,143
672.8,13,189,40,259,134
673.0,0,391,57,453,143
673.0,13,196,39,263,141
673.2,0,391,56,452,143
673.2,13,206,45,271,137
673.4,0,391,57,452,143
673.4,13,211,46,276,138
673.6,0,390,57,451,142
673.6,13,212,44,277,139
673.8,0,381,58,443,142
673.8,13,212,44,277,139
674.0,0,379,59,440,142
674.0,13,212,45,277,139
674.2,0,382,59,443,141
674.2,13,212,43,277,139
674.4,0,385,57,445,141
674.4,13,211,43,276,140
674.6,0,386,56,447,142
674.6,13,208,43,274,140
674.8,0,387,56,448,142
674.8,13,208,42,273,141
675.0,0,387,56,449,141
675.0,13,206,41,272,140
675.2,0,389,56,450,141
675.2,13,204,41,270,142
675.4,0,390,56,451,142
675.4,13,200,43,267,147
675.6,0,393,55,454,143
675.6,13,197,45,266,146
675.8,0,397,55,459,141
675.8,13,197,45,266,146
676.0,0,399,53,462,141
676.0,13,196,45,266,147
676.2,0,402,52,464,139
676.2,13,192,44,265,145
676.4,0,405,51,468,138
676.4,13,192,44,264,145
676.6,0,409,48,472,136
676.6,13,192,46,264,146
676.8,0,409,48,473,135
676.8,13,192,47,265,148
677.0,0,409,47,473,136
677.0,13,192,49,265,150
677.2,0,410,46,475,134
677.2,13,193,49,265,150
677.4,0,411,45,476,133
677.4,13,194,50,266,151
677.6,0,411,41,476,132
677.6,13,199,50,270,152
677.8,0,411,39,477,130
677.8,13,201,51,272,153
678.0,0,412,37,477,129
678.0,13,203,51,273,153
678.2,0,412,38,478,129
678.2,13,203,53,272,152
678.4,0,413,40,479,131
678.4,13,204,54,273,154
678.6,0,415,39,481,131
678.6,13,204,54,274,154
678.8,0,416,39,483,132
678.8,13,210,55,278,153
679.0,0,416,39,483,132
679.0,13,213,56,279,156
679.2,0,416,39,484,134
679.2,13,211,53,278,157
679.4,0,418,39,486,135
679.4,13,201,60,270,158
679.6,0,420,40,489,136
679.6,13,195,61,266,162
679.8,0,427,38,495,137
679.8,13,194,62,265,163
680.0,0,438,47,509,145
680.0,13,193,62,264,164
680.2,13,184,65,258,164
680.2,0,457,53,531,155
680.4,13,165,85,238,186
680.4,0,474,92,550,192
680.6,13,159,115,231,215
680.6,0,509,157,588,264
680.8,13,162,131,232,233
680.8,0,541,243,623,343
681.0,13,167,144,235,250
681.0,0,528,276,611,361
681.2,13,151,158,223,260
681.2,0,446,230,541,329
681.4,13,139,179,212,278
681.6,13,158,184,232,286
682.2,-1,279,178,347,269
682.4,13,322,191,413,291
682.6,13,368,223,465,328
682.8,13,351,188,456,313
683.0,0,276,58,407,246
683.2,0,276,58,406,246
683.4,0,276,59,407,247
683.6,0,276,59,407,248
683.8,0,277,60,408,248
684.0,0,276,58,408,248
684.2,0,276,58,408,247
684.4,0,277,56,410,248
684.6,0,280,56,413,246
684.8,0,280,57,413,244
685.0,0,280,56,412,244
685.2,0,280,56,412,243
685.4,0,281,55,413,242
685.6,0,282,56,413,240
685.8,0,279,56,411,239
686.0,0,276,57,409,237
686.2,0,272,54,406,236
686.4,0,270,55,405,235
686.6,0,271,54,406,234
686.8,0,274,52,408,234
687.0,0,272,51,407,234
687.2,0,274,52,408,233
687.4,0,273,51,407,233
687.6,0,271,51,404,232
687.8,13,309,59,407,198
688.0,13,306,60,407,201
688.2,13,306,55,406,195
688.4,13,307,56,407,193
688.6,13,307,59,408,198
688.8,13,307,62,408,205
689.0,13,307,66,409,211
689.2,13,307,68,409,215
689.4,13,305,70,408,215
689.6,13,305,69,408,215
689.8,0,224,36,300,147
690.0,0,224,37,300,148
690.2,0,226,40,302,150
690.4,0,228,41,303,152
690.6,0,228,41,304,152
690.8,0,228,40,304,151
691.0,0,228,40,304,151
691.2,40,308,47,365,119
691.4,40,308,50,364,119
691.6,40,306,53,362,122
691.8,40,306,51,361,120
692.0,40,306,53,362,120
692.2,40,307,53,363,120
692.4,40,307,55,364,124
692.6,40,307,55,364,125
692.8,40,307,55,364,125
693.0,40,308,55,365,125
693.2,40,308,56,365,124
693.4,40,195,82,248,145
693.4,13,347,31,393,93
693.6,40,209,93,263,153
693.6,13,347,32,393,94
693.8,13,347,33,392,94
693.8,40,202,91,256,151
694.0,13,343,35,390,95
694.0,40,186,88,237,148
694.2,13,337,36,383,98
694.2,40,175,85,226,147
694.4,40,175,81,226,144
694.4,13,332,39,378,100
694.6,40,185,82,236,147
694.6,13,328,41,374,101
694.8,40,195,86,247,151
694.8,13,326,40,373,103
695.0,40,200,91,255,154
695.0,13,326,41,373,103
695.2,40,202,87,254,151
695.2,13,326,42,373,102
695.4,40,202,82,252,148
695.4,13,327,40,374,102
695.6,40,200,81,251,147
695.6,13,328,39,376,101
695.8,40,202,80,251,145
695.8,13,330,39,377,100
696.0,40,203,82,252,146
696.0,13,332,40,379,101
696.2,40,204,83,254,147
696.2,13,334,41,381,102
696.4,40,202,83,254,147
696.4,13,337,40,383,101
696.6,13,340,39,385,99
696.6,40,204,88,256,148
696.8,13,343,38,390,97
696.8,40,206,91,257,151
697.0,13,349,36,394,97
697.0,40,204,92,256,151
697.2,13,352,35,397,95
697.2,40,199,88,251,149
697.4,13,354,35,399,95
697.4,40,195,87,247,148
697.6,13,354,35,399,95
697.6,40,195,88,245,148
697.8,40,195,90,246,150
697.8,13,355,36,399,95
698.0,40,194,90,245,151
698.0,13,355,36,400,96
698.2,40,191,88,242,149
698.2,13,355,37,400,97
698.4,40,180,79,230,145
698.4,13,354,38,399,97
698.6,40,176,76,226,143
698.6,13,354,39,399,97
698.8,40,178,78,228,144
698.8,13,354,39,399,97
699.0,40,178,77,229,143
699.0,13,354,39,399,97
699.2,40,182,80,233,141
699.2,13,354,40,399,98
699.4,40,186,81,237,142
699.4,13,353,40,398,99
699.6,40,186,81,237,141
699.6,13,353,40,398,98
699.8,40,185,79,235,141
699.8,13,353,40,398,98
700.0,40,187,79,239,141
700.0,13,353,40,398,97
700.2,40,190,78,242,139
700.2,13,353,39,398,97
700.4,40,194,78,244,142
700.4,13,353,39,398,97
700.6,40,196,82,247,144
700.6,13,353,39,398,97
700.8,40,197,81,247,145
700.8,13,353,40,398,97
701.0,40,195,79,246,143
701.0,13,353,40,398,97
701.2,40,192,77,243,142
701.2,13,354,40,398,97
701.4,40,189,73,240,132
701.4,13,354,39,399,97
701.6,40,191,76,242,137
701.6,13,354,39,399,97
701.8,40,200,77,248,139
701.8,13,353,40,398,97
702.0,13,351,40,397,98
702.0,40,206,77,253,139
702.2,40,205,80,253,142
702.2,13,347,41,393,100
702.4,13,341,43,388,103
702.4,40,204,78,254,143
702.6,13,335,44,381,104
702.6,40,203,79,254,141
702.8,40,199,78,251,141
702.8,13,329,43,376,105
703.0,40,193,79,245,140
703.0,13,328,45,374,107
703.2,40,188,77,240,142
703.2,13,329,51,377,109
703.4,40,187,77,239,144
703.4,13,336,51,382,111
703.6,40,188,80,239,144
703.6,13,324,53,370,110
703.8,40,188,80,240,142
703.8,13,313,48,359,108
704.0,40,189,79,240,140
704.0,13,300,51,346,109
704.2,40,189,76,240,139
704.2,13,293,51,341,110
704.4,13,292,54,341,113
704.4,40,189,78,240,139
704.6,40,188,78,239,140
704.6,13,305,58,352,115
704.8,40,188,77,240,140
704.8,13,338,52,385,111
705.0,40,186,75,239,140
705.0,13,388,45,434,106
705.2,40,189,76,240,139
705.2,13,446,47,484,101
705.4,40,189,74,241,137
705.4,13,487,45,520,100
705.6,40,188,72,239,132
705.6,13,517,42,548,95
705.8,40,188,71,239,132
705.8,13,548,40,579,96
706.0,40,188,69,239,133
706.0,13,584,44,615,96
706.2,40,187,66,239,129
706.4,40,187,61,239,125
706.6,40,186,58,239,122
706.8,40,187,57,239,121
707.0,40,188,56,239,121
707.2,13,320,56,420,199
707.4,13,331,59,429,200
707.6,13,338,56,442,197
707.8,13,336,60,437,206
708.0,13,335,65,435,207
708.2,13,334,66,434,209
708.4,13,334,67,433,208
708.6,40,189,53,240,117
708.8,40,191,55,242,117
709.0,40,194,55,245,118
709.2,40,199,56,250,118
709.4,40,208,56,258,118
709.6,40,214,54,258,122
709.8,40,218,54,257,119
710.0,40,243,64,283,124
710.2,40,285,70,323,132
710.4,40,304,63,339,125
710.6,40,317,69,354,135
710.8,40,337,65,372,130
711.0,40,341,59,376,121
711.2,40,347,70,381,136
711.4,40,350,63,386,128
711.6,13,593,22,638,82
711.6,40,343,55,380,122
711.8,13,556,17,604,81
711.8,40,330,57,367,120
712.0,13,528,18,575,81
712.0,40,314,57,350,119
712.2,13,501,19,549,81
712.2,40,312,58,347,125
712.4,13,475,23,524,85
712.4,40,300,60,335,122
712.6,13,448,27,494,88
712.6,40,289,67,326,132
712.8,13,418,32,464,93
712.8,40,276,71,317,140
713.0,13,398,36,443,98
713.0,40,268,68,309,132
713.2,40,265,72,310,135
713.2,13,386,38,431,99
713.4,40,261,75,307,139
713.4,13,382,37,427,100
713.6,13,386,38,433,99
713.6,40,248,76,294,136
713.8,13,397,36,444,96
713.8,40,230,77,281,140
714.0,13,412,35,459,94
714.0,40,214,76,264,137
714.2,40,200,78,249,139
714.2,13,426,33,471,94
714.4,40,195,80,244,138
714.4,13,431,34,475,94
714.6,40,198,78,250,137
714.6,13,422,32,464,94
714.8,40,212,75,263,136
714.8,13,409,32,449,93
715.0,40,226,78,278,138
715.0,13,399,33,440,94
715.2,40,231,79,283,139
715.2,13,391,32,435,94
715.4,40,230,81,282,141
715.4,13,394,32,440,92
715.6,40,228,81,280,141
715.6,13,405,30,451,89
715.6,-1,42,138,53,152
715.8,40,224,76,276,137
715.8,13,417,28,464,88
716.0,13,421,30,469,91
716.0,40,220,75,270,136
716.0,-1,34,138,44,153
716.2,13,416,31,464,91
716.2,40,217,79,266,139
716.4,13,312,64,413,205
716.6,13,309,64,414,207
716.8,13,314,62,415,206
717.0,13,316,60,415,204
717.2,13,316,64,414,203
717.4,13,316,64,416,208
717.6,13,306,73,412,213
717.8,13,302,73,410,214
718.0,13,301,72,406,214
718.2,13,301,71,406,212
718.4,13,302,71,408,211
718.6,13,340,64,418,163
718.8,13,340,64,418,163
719.0,13,340,64,418,162
719.2,13,340,64,418,163
719.4,13,340,64,418,164
719.6,13,340,64,418,164
719.8,13,341,64,419,163
720.0,13,341,64,419,161
720.2,13,343,63,421,162
720.4,13,346,64,423,160
720.6,13,351,59,426,160
720.8,13,358,48,432,151
721.0,13,365,48,437,146
721.2,13,373,56,444,151
721.4,13,385,72,454,160
721.6,13,398,91,465,174
721.8,13,413,117,478,194
721.8,40,184,-37,248,42
722.0,13,428,147,491,218
722.0,40,203,-25,273,65
722.2,13,439,180,500,249
722.2,40,208,-1,276,83
722.4,13,441,199,501,267
722.4,40,196,12,258,95
722.6,13,433,206,494,275
722.6,40,188,20,248,104
722.8,13,428,205,489,282
722.8,40,184,27,244,112
723.0,13,427,212,487,290
723.0,40,186,36,248,116
723.2,40,190,40,251,119
723.2,13,428,214,488,289
723.4,13,428,215,489,291
723.4,40,191,37,254,119
723.6,13,429,218,492,301
723.6,40,193,35,256,120
723.8,40,195,38,259,120
723.8,13,435,221,499,306
724.0,13,440,224,503,308
724.0,40,197,38,260,121
724.2,13,438,223,501,309
724.2,40,197,38,261,121
724.4,13,437,224,500,311
724.4,40,197,38,260,121
724.6,13,437,225,501,313
724.6,40,174,32,249,116
724.8,13,437,225,501,314
724.8,40,164,30,238,114
725.0,13,437,226,502,314
725.0,40,158,30,226,120
725.2,13,437,227,501,315
725.2,40,147,32,211,120
725.4,13,438,227,502,316
725.4,40,150,28,210,115
725.6,13,438,228,502,316
725.6,40,166,38,228,122
725.8,13,438,228,502,317
725.8,40,191,40,253,122
726.0,13,316,62,414,200
726.2,13,314,63,412,197
726.4,13,315,64,414,208
726.6,13,314,67,414,211
726.8,13,313,73,414,212
727.0,13,314,73,414,211
727.2,13,314,74,414,213
727.4,13,315,74,414,214
727.6,13,315,76,414,215
727.8,13,315,76,414,214
728.0,13,359,74,382,103
728.0,40,446,104,468,134
728.2,13,347,72,370,101
728.2,40,438,105,461,137
728.4,13,336,73,360,103
728.4,40,436,102,458,134
728.6,13,331,71,356,103
728.6,40,429,98,451,133
728.8,13,323,64,349,97
728.8,40,412,103,437,138
729.0,13,309,61,337,96
729.0,40,394,97,422,133
729.2,13,286,64,314,99
729.2,40,378,92,407,130
729.4,13,257,62,285,97
729.4,40,363,95,390,134
729.6,13,231,55,261,92
729.6,40,352,88,380,131
729.8,13,207,53,238,92
729.8,40,337,85,367,130
730.0,13,181,54,213,96
730.0,40,312,91,347,138
730.2,13,151,43,186,86
730.2,40,278,85,316,133
730.4,13,115,39,151,84
730.4,40,243,78,280,130
730.6,40,211,81,245,136
730.6,13,66,46,107,91
730.8,13,3,38,47,88
730.8,40,185,68,222,128
731.0,40,154,66,196,127
731.2,40,103,59,155,131
731.4,40,57,38,112,115
731.6,40,10,33,70,117
733.0,13,321,59,419,203
733.2,13,324,60,422,207
733.4,13,322,59,421,205
733.6,13,323,60,422,206
733.8,13,324,60,422,205
734.0,13,322,61,420,206
734.2,13,324,59,421,207
734.4,13,320,60,420,207
734.6,13,320,61,419,209
734.8,13,315,67,413,210
735.0,13,311,71,412,210
735.2,13,307,72,409,213
735.8,13,346,139,377,179
736.0,13,299,136,336,180
736.2,13,275,127,313,174
736.4,13,259,134,299,185
736.6,13,253,137,297,191
736.8,13,248,109,297,171
737.0,13,244,102,298,171
737.2,13,236,106,296,181
737.4,13,225,68,293,155
737.6,13,242,46,320,149
737.8,13,283,48,372,162
738.0,13,380,26,475,154
738.2,13,474,-26,581,117
741.4,40,326,162,362,212
741.6,40,297,168,338,217
741.8,40,266,162,309,213
742.0,40,248,159,291,207
742.2,40,238,158,282,208
742.4,40,232,160,280,216
742.6,40,235,154,284,211
742.8,40,236,141,286,202
743.0,40,234,136,288,202
743.2,40,225,143,283,213
743.4,40,212,124,276,207
743.6,40,213,110,281,199
743.8,40,222,108,297,201
744.0,40,267,123,347,217
744.2,40,327,109,411,210
744.4,40,370,86,457,191
744.6,40,405,78,497,188
744.8,40,452,84,554,202
745.0,0,347,95,390,149
745.2,0,391,98,435,155
745.4,0,420,88,464,149
745.6,0,429,87,471,152
745.8,0,427,92,475,162
746.0,0,415,96,467,167
746.2,0,413,81,470,158
746.4,0,423,90,486,174
746.6,0,432,86,501,178
746.6,13,299,51,342,115
746.8,13,333,51,386,119
746.8,0,408,56,485,155
747.0,0,338,70,421,176
747.2,13,408,26,464,97
747.2,0,231,57,327,175
747.4,13,410,30,468,102
747.4,0,119,29,233,171
747.6,13,394,41,455,117
747.6,0,-5,48,135,217
747.8,13,372,43,436,123
748.0,13,353,39,417,126
748.2,13,336,38,402,130
748.4,13,334,37,401,127
749.0,41,528,61,548,88
749.2,-1,217,31,273,114
749.4,0,237,33,298,114
749.6,0,251,34,315,119
749.8,0,257,38,320,122
749.8,41,533,70,552,95
749.8,41,515,73,531,94
750.0,0,256,49,318,130
750.0,41,533,70,553,96
750.2,0,247,63,305,136
750.4,41,534,72,553,96
750.6,13,373,48,444,147
750.8,13,373,51,444,148
751.0,13,376,50,447,148
751.2,13,379,50,448,148
751.4,13,378,47,448,149
751.6,13,376,49,446,147
751.8,40,317,54,373,124
752.0,40,318,56,373,126
752.2,40,318,56,373,125
752.4,40,317,54,373,125
752.6,40,317,56,372,125
752.8,40,317,56,372,125
753.0,40,317,58,373,126
753.2,40,317,59,372,125
753.4,40,317,58,373,126
753.6,40,107,105,166,188
753.6,13,395,20,464,143
753.8,40,107,104,166,188
753.8,13,392,19,462,143
754.0,40,107,104,166,188
754.0,13,395,31,461,142
754.2,40,107,104,166,188
754.2,13,397,20,469,144
754.4,40,108,104,167,188
754.4,13,401,17,471,145
754.6,40,108,104,167,188
754.6,13,402,19,472,145
754.8,40,109,103,168,189
754.8,13,399,19,471,145
755.0,40,109,103,168,189
755.0,13,397,19,470,145
755.2,40,109,103,169,189
755.2,13,398,16,470,145
755.4,40,110,104,169,189
755.4,13,402,14,472,144
755.6,40,110,105,170,189
755.6,13,408,8,481,138
755.8,40,110,107,169,192
755.8,13,410,1,483,137
756.0,40,105,112,165,197
756.0,13,409,-1,483,138
756.2,40,104,119,164,201
756.2,13,411,-5,488,142
756.4,40,100,127,160,209
756.4,13,410,0,488,147
756.6,40,97,133,157,215
756.6,13,407,7,485,155
756.8,40,93,136,153,221
756.8,13,401,4,484,157
757.0,40,89,142,149,224
757.0,13,387,-18,484,155
757.2,40,80,149,141,233
757.2,13,370,-27,496,164
757.4,40,64,160,127,243
757.4,13,360,-6,486,168
757.6,40,52,174,114,255
757.6,13,355,7,482,176
757.8,40,41,185,104,266
757.8,13,350,16,478,185
758.0,13,355,22,483,196
758.0,40,35,190,98,274
758.2,40,35,197,97,283
758.2,13,372,27,501,202
758.4,40,31,205,93,289
758.4,13,391,34,521,204
758.6,40,28,211,88,292
758.6,13,400,31,530,205
758.8,40,25,214,87,295
758.8,13,395,32,526,208
759.0,40,26,215,87,297
759.0,13,387,37,518,210
759.2,40,28,213,90,299
759.2,13,379,39,509,216
759.4,40,32,213,94,299
759.4,13,374,42,505,217
759.6,40,32,213,95,299
759.6,13,374,42,505,216
759.8,40,33,215,96,299
759.8,13,378,39,509,219
760.0,40,32,216,95,299
760.0,13,383,41,512,218
760.2,40,32,216,94,299
760.2,13,386,42,516,218
760.4,40,31,216,94,300
760.4,13,387,40,518,219
760.6,40,32,217,94,300
760.6,13,389,40,521,218
760.8,40,32,216,94,300
760.8,13,390,43,522,219
761.0,40,32,214,94,300
761.0,13,389,41,521,218
761.2,40,32,215,95,299
761.2,13,390,41,521,218
761.4,40,33,216,96,298
761.4,13,391,42,522,219
761.6,42,227,55,324,197
761.8,42,227,53,325,194
762.0,42,226,50,325,195
762.2,42,228,52,326,195
762.4,42,229,53,328,197
762.6,42,228,53,329,200
762.8,42,228,53,329,199
763.0,42,230,54,330,197
763.2,42,230,55,330,200
763.4,42,230,56,331,202
763.6,42,230,57,332,204
763.8,42,231,59,331,206
764.0,42,231,63,330,206
764.2,42,230,69,328,207
764.4,40,33,215,96,296
764.4,13,384,40,516,218
764.6,13,384,40,517,218
764.6,40,33,214,96,295
764.6,-1,526,177,591,260
764.8,13,385,36,517,216
764.8,40,34,212,96,295
765.0,40,35,208,99,290
765.0,13,387,34,520,212
765.2,40,39,203,102,284
765.2,13,390,34,523,206
765.2,42,305,170,374,258
765.4,40,43,197,106,278
765.4,13,392,27,526,202
765.4,42,260,164,336,265
765.6,40,47,189,109,271
765.6,13,394,17,529,194
765.6,42,240,160,316,265
765.8,40,50,180,112,263
765.8,42,229,152,309,264
765.8,13,396,11,529,187
766.0,42,204,148,290,263
766.0,40,54,175,116,255
766.0,13,398,6,531,179
766.2,40,56,167,118,249
766.2,42,184,143,271,256
766.2,13,401,-1,534,172
766.4,42,167,138,256,253
766.4,40,59,165,119,245
766.4,13,405,-7,538,169
766.6,42,162,136,252,249
766.6,40,61,160,121,242
766.6,13,407,-14,541,167
766.8,42,165,133,254,247
766.8,40,62,160,122,241
766.8,13,410,-17,543,167
767.0,13,321,63,420,203
767.2,13,321,67,421,210
767.4,13,322,62,422,208
767.6,13,322,62,424,209
767.8,13,322,67,424,216
768.0,13,322,65,425,212
768.2,42,233,58,330,197
768.4,42,225,56,319,197
768.6,42,216,60,310,200
768.8,42,213,64,306,203
769.0,42,213,67,305,205
769.2,42,213,68,305,204
769.4,42,212,69,306,203
769.6,42,409,122,479,247
769.8,42,408,123,485,250
770.0,42,409,123,489,253
770.2,42,400,124,486,260
770.4,42,379,129,472,261
770.6,42,368,130,460,258
770.6,13,529,89,570,181
770.8,42,351,124,448,258
770.8,13,530,85,581,188
771.0,42,343,124,440,254
771.0,13,531,84,585,190
771.2,42,347,123,445,252
771.2,13,525,83,585,191
771.4,42,355,124,453,254
771.4,13,518,81,581,191
771.6,42,352,124,449,254
771.6,13,515,81,581,192
771.8,42,355,124,452,253
771.8,13,516,80,584,191
772.0,42,357,124,454,253
772.0,13,520,78,591,189
772.2,42,356,125,453,254
772.2,13,520,76,595,188
772.4,42,357,125,456,254
772.4,13,516,78,595,190
772.6,42,358,125,456,256
772.6,13,507,78,588,192
772.8,42,358,128,456,257
772.8,13,496,78,579,195
773.0,42,359,129,456,259
773.0,13,492,83,574,198
773.2,42,358,132,455,260
773.2,13,492,83,576,199
773.4,42,357,134,455,262
773.4,13,493,84,577,202
773.6,40,118,100,178,188
773.6,13,389,-36,457,101
773.8,40,121,104,180,190
773.8,13,390,-35,457,101
774.0,40,121,100,180,187
774.0,13,389,-37,460,101
774.2,40,113,95,170,181
774.2,13,389,-36,460,100
774.4,40,102,97,160,178
774.4,13,390,-36,462,100
774.6,40,95,97,154,175
774.6,42,196,96,231,192
774.6,13,391,-36,462,100
774.8,40,95,95,154,175
774.8,42,195,93,236,192
774.8,13,392,-38,463,100
775.0,40,97,94,157,175
775.0,42,195,92,239,191
775.0,13,393,-37,464,100
775.2,40,96,95,156,177
775.2,42,199,89,244,187
775.2,13,394,-38,466,101
775.4,40,96,99,156,179
775.4,42,202,89,246,187
775.4,13,395,-36,467,99
775.6,40,101,100,162,177
775.6,42,210,92,249,188
775.6,13,397,-40,469,101
775.8,40,108,98,169,176
775.8,42,215,91,254,187
775.8,13,398,-39,470,101
776.0,42,220,60,317,199
776.2,42,221,63,317,201
776.4,42,220,66,317,202
776.6,42,219,66,318,205
776.8,42,219,67,318,207
777.0,42,219,69,318,208
777.2,42,218,69,318,209
777.4,13,450,73,531,181
777.4,42,346,119,432,245
777.6,42,344,119,435,241
777.6,13,450,74,531,180
777.8,42,332,115,426,238
777.8,13,449,73,530,180
778.0,42,335,115,428,238
778.0,13,449,73,530,180
778.2,42,336,114,430,239
778.2,13,449,73,529,180
778.4,42,337,115,431,239
778.4,13,449,74,528,181
778.6,42,336,115,431,239
778.6,13,449,73,529,180
778.8,42,335,115,429,240
778.8,13,449,74,531,181
779.0,40,126,89,187,169
779.0,42,217,86,257,186
779.0,13,411,-41,480,98
779.2,40,129,87,190,169
779.2,42,218,86,257,184
779.2,13,411,-40,479,95
779.4,40,129,86,190,168
779.4,42,217,83,258,184
779.4,13,411,-39,478,94
779.6,40,128,83,190,168
779.6,42,217,83,258,183
779.6,13,411,-38,477,95
779.8,40,126,86,184,171
779.8,42,217,84,258,182
779.8,13,411,-39,478,94
780.0,40,128,83,189,169
780.0,42,216,83,257,183
780.0,13,412,-40,479,94
780.2,40,128,84,189,169
780.2,42,217,83,257,183
780.2,13,411,-42,480,91
780.4,40,129,81,189,165
780.4,42,218,82,259,184
780.4,13,412,-39,480,95
780.6,40,130,84,189,168
780.6,42,222,82,261,184
780.6,13,412,-40,481,96
780.8,40,129,84,190,169
780.8,42,225,83,266,184
780.8,13,415,-40,483,96
781.0,40,131,85,191,169
781.0,42,227,82,270,182
781.0,13,416,-42,484,99
781.2,40,132,85,193,169
781.2,42,231,81,273,181
781.2,13,417,-42,485,100
781.4,40,132,83,193,166
781.4,42,233,80,276,180
781.4,13,419,-40,485,98
781.6,42,334,117,429,241
781.6,13,448,73,527,181
781.8,42,335,116,429,241
781.8,13,448,73,527,181
782.0,42,335,117,430,241
782.0,13,448,73,527,181
782.2,42,335,117,429,241
782.2,13,449,73,528,180
782.4,42,334,117,428,241
782.4,13,448,73,528,180
782.6,42,333,117,427,241
782.6,13,448,74,527,181
782.8,40,129,73,194,156
782.8,42,220,68,268,175
782.8,13,419,-40,484,98
783.0,40,133,79,196,157
783.0,42,221,64,293,176
783.0,13,420,-42,485,98
783.2,40,139,75,202,158
783.2,42,240,62,320,175
783.2,13,420,-41,485,101
783.4,40,147,78,209,163
783.4,42,239,65,322,177
783.4,13,419,-41,484,100
783.6,40,151,80,212,165
783.6,42,233,68,316,181
783.6,13,420,-42,486,101
783.8,40,149,77,208,161
783.8,42,214,87,301,194
783.8,13,418,-43,485,103
784.0,40,141,83,191,161
784.0,42,179,115,269,213
784.0,13,415,-42,483,106
784.2,42,143,127,239,224
784.2,13,411,-42,480,108
784.4,42,126,134,220,229
784.4,13,407,-43,479,113
784.6,42,110,147,208,242
784.6,13,406,-43,478,114
784.8,42,96,147,191,241
784.8,13,404,-43,477,115
785.0,42,114,117,209,233
785.0,13,404,-42,479,115
785.2,42,195,89,281,206
785.2,40,135,84,178,159
785.2,13,409,-39,478,110
785.4,40,138,79,197,164
785.4,42,308,87,391,206
785.4,13,415,-43,486,109
785.6,42,241,68,335,202
785.8,42,232,65,331,207
786.0,42,231,66,330,209
786.2,42,233,69,334,215
786.4,42,236,73,336,219
786.6,42,238,77,339,220
786.8,42,239,79,342,220
787.0,42,240,79,342,222
787.2,42,241,80,342,223
787.4,42,240,81,342,221
787.6,42,239,82,342,219
787.8,13,391,43,461,139
788.0,13,388,41,460,139
788.2,13,372,36,447,135
788.4,13,353,45,431,142
788.6,13,355,43,431,138
788.8,13,370,38,442,133
789.0,13,387,38,457,130
789.2,13,399,42,470,136
789.4,13,401,44,472,140
789.6,13,401,45,473,139
789.8,40,182,81,238,163
789.8,13,453,-31,520,108
790.0,40,190,80,249,165
790.0,13,454,-32,524,107
790.2,40,185,89,245,170
790.2,13,456,-36,527,107
790.4,40,177,99,237,177
790.4,13,458,-38,529,106
790.6,40,169,102,230,183
790.6,13,459,-38,530,107
790.8,40,164,108,225,186
790.8,13,462,-36,530,105
791.0,40,163,110,221,188
791.0,13,464,-36,532,103
791.2,40,169,97,227,181
791.2,13,464,-37,532,102
791.4,40,179,88,237,171
791.4,13,461,-40,529,103
791.6,40,184,78,241,165
791.6,13,458,-44,529,104
791.8,40,184,75,242,161
791.8,13,456,-44,528,103
792.0,40,190,70,254,157
792.0,13,455,-44,528,102
792.2,40,193,77,255,160
792.2,13,454,-45,528,101
792.4,40,193,77,256,159
792.4,13,456,-44,527,100
792.6,40,193,74,256,156
792.6,13,459,-45,529,99
792.8,40,193,71,255,156
792.8,13,462,-43,531,99
793.0,40,194,68,255,153
793.0,13,462,-49,532,96
793.2,40,195,66,257,151
793.2,13,462,-50,533,96
793.4,40,196,66,259,151
793.4,13,461,-53,533,96
793.6,40,197,64,260,151
793.6,13,460,-54,534,96
793.8,40,197,67,259,149
793.8,13,460,-56,535,96
794.0,40,194,67,255,150
794.0,13,462,-56,538,95
794.2,40,192,68,253,151
794.2,13,464,-54,537,92
794.4,40,191,68,252,150
794.4,13,464,-54,537,91
794.6,40,188,65,251,150
794.6,13,464,-54,538,92
794.8,40,187,65,250,150
794.8,13,463,-54,537,92
795.0,40,186,64,249,148
795.0,13,462,-55,536,93
795.2,40,184,61,246,142
795.2,13,460,-54,533,90
795.4,40,186,56,249,138
795.4,13,460,-55,534,92
795.6,40,186,57,248,139
795.6,13,461,-55,536,91
795.8,40,185,57,246,138
795.8,13,464,-54,537,91
796.0,40,182,53,244,131
796.0,13,466,-52,537,91
796.2,40,184,55,246,136
796.2,13,467,-51,537,92
796.4,40,185,59,241,143
796.4,13,467,-52,537,94
796.6,40,189,63,248,150
796.6,13,467,-51,538,94
796.8,40,191,62,250,150
796.8,13,466,-50,537,94
797.0,40,194,63,253,151
797.0,13,463,-49,534,93
797.2,40,190,65,249,151
797.2,13,460,-50,534,93
797.4,40,181,67,239,155
797.4,13,454,-46,527,99
797.6,40,174,74,229,162
797.6,13,451,-42,529,104
797.8,40,172,78,226,165
797.8,13,433,-42,530,112
798.0,40,166,85,218,171
798.0,13,420,-37,536,125
798.2,40,152,100,202,182
798.2,13,420,-23,542,139
798.4,40,134,114,185,194
798.4,13,412,-6,536,157
798.6,40,117,127,167,210
798.6,13,408,14,532,172
798.8,40,107,139,159,223
798.8,13,406,26,531,188
799.0,40,100,148,152,233
799.0,13,408,37,533,198
799.2,40,92,153,145,237
799.2,13,406,42,533,205
799.4,40,85,158,137,239
799.4,13,406,43,535,213
799.6,13,402,40,471,134
799.8,13,402,37,471,129
800.0,13,401,36,470,128
800.2,13,400,38,470,129
800.4,13,401,41,470,132
800.6,13,401,40,470,131
800.8,13,400,39,470,129
801.0,13,399,41,469,134
801.2,13,396,43,466,137
801.4,13,391,51,464,146
801.6,13,388,56,462,150
801.8,13,388,56,461,150
802.0,40,316,51,372,122
802.2,40,314,50,371,121
802.4,40,311,48,368,120
802.6,40,312,49,368,119
802.8,40,311,52,367,120
803.0,40,312,52,369,120
803.2,40,314,54,371,122
803.4,40,315,52,372,122
803.6,40,314,54,371,122
803.8,40,314,52,371,123
804.0,40,314,53,370,122
804.2,40,312,52,369,122
804.4,40,312,52,369,121
804.6,40,311,55,368,123
804.8,40,310,51,366,120
805.0,40,310,53,365,120
805.2,40,312,52,368,122
805.4,40,316,56,371,125
805.6,40,316,56,372,123
805.8,13,413,122,427,140
805.8,40,454,143,468,162
805.8,-1,572,150,582,164
806.0,40,449,138,463,157
806.0,13,406,126,420,144
806.0,-1,592,152,601,164
806.2,40,449,139,464,158
806.2,13,401,122,415,140
806.2,-1,615,154,625,168
806.4,40,452,143,467,161
806.4,-1,404,121,418,138
806.6,40,454,140,469,159
806.6,-1,403,127,416,143
806.8,40,452,141,466,160
806.8,-1,403,124,418,141
807.0,40,447,144,461,163
807.2,13,402,125,416,144
807.6,-1,391,123,406,142
807.6,40,447,153,460,169
807.8,-1,392,127,407,144
807.8,40,447,146,462,166
808.0,13,391,127,406,146
808.0,-1,446,147,461,167
808.2,13,393,121,408,140
808.4,13,392,124,407,142
808.4,-1,447,143,462,165
808.6,13,384,124,400,145
808.6,40,452,142,468,166
808.8,13,378,118,394,138
808.8,40,450,135,468,158
809.0,13,409,149,419,161
809.0,40,454,164,464,176
809.2,13,407,149,417,161
809.2,40,455,166,464,178
809.4,13,403,150,412,162
809.4,40,452,163,462,174
809.6,-1,449,164,460,178
809.6,13,399,146,409,158
809.8,13,399,146,409,158
809.8,40,447,163,457,175
810.0,13,399,148,409,160
810.0,40,447,160,457,173
810.2,13,398,145,408,158
810.2,40,446,161,457,174
810.4,13,395,144,405,157
810.4,40,443,159,453,172
810.6,40,441,159,451,173
810.6,13,389,146,399,159
810.8,13,386,143,396,156
810.8,40,438,160,449,174
811.0,13,386,143,396,156
811.0,40,438,157,449,171
811.2,13,386,145,395,158
811.2,40,438,160,448,173
811.4,40,437,157,448,171
811.4,13,387,141,396,155
811.6,40,434,159,445,173
811.8,40,430,158,440,172
811.8,-1,381,144,390,156
812.0,13,380,140,390,153
812.0,40,430,156,441,170
815.4,13,390,55,461,146
815.6,13,390,51,461,143
815.8,13,391,46,462,138
816.0,13,391,45,462,132
816.2,13,389,45,459,136
816.4,13,385,47,457,143
816.6,13,383,55,456,149
816.8,0,331,40,395,129
817.0,0,325,48,387,133
817.2,0,302,50,359,135
817.4,0,276,51,326,132
817.6,0,260,53,310,135
817.8,0,248,54,297,135
818.0,13,341,55,452,216
818.2,13,340,55,451,215
818.4,13,341,58,451,207
818.6,13,341,57,451,214
818.8,13,341,57,451,212
819.0,13,341,54,452,217
819.2,13,342,56,452,214
819.4,13,345,58,455,211
819.6,13,350,65,460,220
819.8,13,350,65,461,219
820.0,13,350,67,460,217
820.2,0,216,52,321,212
820.4,0,215,53,325,214
820.6,0,204,59,317,218
820.8,0,213,57,328,220
821.0,0,230,61,347,224
821.2,0,240,64,360,227
821.4,0,245,64,364,229
821.6,0,243,66,361,227
821.8,0,237,63,353,224
822.0,0,226,62,340,218
822.2,0,223,60,335,218
822.4,0,228,61,341,216
822.6,0,233,57,346,215
822.8,0,232,57,344,213
823.0,0,229,57,339,211
823.2,13,347,75,457,229
823.4,13,348,72,457,225
823.6,13,348,71,456,226
823.8,13,349,71,458,224
824.0,13,351,69,460,223
824.2,13,351,70,460,223
824.4,13,352,69,462,222
824.6,13,352,71,462,223
824.8,13,353,71,463,222
825.0,0,245,61,353,216
825.2,0,249,60,357,212
825.4,0,250,64,359,212
825.6,0,250,67,360,215
825.8,0,250,66,359,215
826.0,0,247,65,357,216
826.2,0,246,65,356,217
826.4,0,233,38,311,147
826.6,0,233,40,312,149
826.8,0,233,39,312,148
827.0,0,235,39,314,150
827.2,0,235,38,314,147
827.4,0,235,39,314,148
827.6,0,235,39,313,148
827.8,0,222,42,359,227
828.0,0,221,40,357,226
828.2,0,219,42,354,226
828.4,0,219,43,354,227
828.6,0,218,44,352,231
828.8,0,221,52,355,239
829.0,0,233,59,367,243
829.2,0,246,61,379,242
829.4,0,255,62,386,241
829.6,0,255,61,388,240
829.8,7,388,31,413,67
829.8,3,406,131,429,162
829.8,8,463,137,478,163
829.8,-1,264,88,278,112
830.0,7,388,31,413,67
830.0,3,406,130,428,162
830.0,8,462,138,478,165
830.0,-1,273,86,288,113
830.2,7,388,31,413,67
830.2,3,407,131,430,162
830.2,8,459,139,476,166
830.2,-1,267,85,282,112
830.4,7,388,31,413,67
830.4,8,459,138,475,165
830.4,3,411,132,434,161
830.4,1,262,84,278,113
830.6,7,388,31,413,67
830.6,8,460,137,476,164
830.6,3,412,132,434,162
830.6,1,261,84,278,113
830.8,7,388,31,413,67
830.8,8,461,137,476,164
830.8,3,411,133,434,162
830.8,1,263,83,278,110
831.0,7,388,31,413,67
831.0,3,410,132,433,163
831.0,8,463,137,478,164
831.0,1,262,82,278,111
831.2,7,388,31,413,67
831.2,3,409,133,432,161
831.2,1,262,82,277,108
831.2,8,464,137,479,162
831.4,7,388,31,413,67
831.4,3,409,133,431,160
831.4,1,262,84,278,112
831.4,8,464,136,480,162
831.6,7,388,32,413,67
831.6,3,409,133,432,160
831.6,8,464,136,479,162
831.6,1,263,83,279,112
831.8,7,388,32,413,67
831.8,3,409,133,432,161
831.8,8,463,136,478,161
831.8,1,263,81,279,110
832.0,7,388,32,413,67
832.0,3,409,134,432,162
832.0,8,462,137,478,162
832.0,1,262,81,279,110
832.2,1,256,80,276,109
832.2,7,388,32,413,67
832.2,3,409,133,432,163
832.2,8,462,137,478,162
832.4,7,388,32,413,67
832.4,1,258,79,278,108
832.4,3,409,134,431,162
832.4,8,463,137,478,162
832.6,7,388,32,413,68
832.6,3,409,133,433,162
832.6,8,463,137,478,162
832.6,1,255,78,276,104
832.8,7,388,32,413,68
832.8,1,259,82,278,111
832.8,3,409,133,432,162
832.8,8,463,138,478,162
833.0,3,151,53,220,139
833.0,4,444,84,494,154
833.2,3,152,53,220,140
833.2,4,444,84,494,154
833.4,4,444,84,494,154
833.4,3,155,53,222,139
833.6,4,444,83,494,153
833.6,3,154,53,222,139
833.8,4,444,84,494,153
833.8,3,155,53,223,139
834.0,4,444,83,494,153
834.0,3,156,53,224,138
834.2,4,444,83,494,153
834.2,3,159,51,225,138
834.4,3,163,51,229,135
834.4,4,444,85,494,154
834.6,3,165,52,231,136
834.6,4,445,83,495,155
834.8,3,166,52,232,137
834.8,4,445,82,495,154
835.0,3,166,52,232,138
835.0,4,446,82,495,153
835.2,3,165,52,231,138
835.2,4,444,83,494,153
835.4,3,164,51,230,138
835.4,4,443,84,493,155
835.6,4,443,85,493,156
835.6,3,163,52,229,138
835.8,4,443,84,493,154
835.8,3,160,53,226,139
836.0,4,443,84,493,154
836.0,3,156,56,222,142
836.2,3,152,56,220,146
836.2,4,443,84,494,154
836.4,3,151,57,219,146
836.4,4,443,83,493,154
836.6,4,442,85,493,155
836.6,3,151,57,219,146
836.8,3,151,57,220,146
836.8,4,442,85,493,155
837.0,3,151,56,219,146
837.0,4,445,83,494,154
837.2,3,152,57,219,145
837.2,4,443,84,493,154
837.4,3,152,57,220,145
837.4,4,441,84,492,156
837.6,3,152,56,220,144
837.6,4,442,84,493,155
837.8,3,152,55,220,143
837.8,4,443,85,493,157
838.0,3,151,55,220,142
838.0,4,443,86,494,156
838.2,3,151,54,220,142
838.2,4,443,85,494,155
838.4,7,388,33,413,69
838.4,1,251,84,269,113
838.4,3,405,134,426,165
838.4,8,458,139,472,164
838.6,7,388,33,413,69
838.6,1,248,84,267,113
838.6,3,405,134,426,164
838.6,8,458,139,473,164
838.8,7,388,33,413,69
838.8,1,250,86,268,115
838.8,3,405,134,426,165
838.8,8,460,139,475,163
839.0,-1,246,87,268,117
839.0,7,388,33,413,69
839.0,3,405,134,426,166
839.0,8,461,139,475,164
839.2,7,388,33,413,69
839.2,3,406,134,426,166
839.2,-1,226,88,244,117
839.2,8,460,140,474,164
839.4,7,388,33,413,69
839.4,3,410,135,431,164
839.4,8,460,140,474,164
839.6,7,388,33,413,69
839.6,3,416,136,437,164
839.6,8,460,140,474,165
839.8,7,388,33,413,69
839.8,3,417,136,439,165
839.8,-1,151,91,169,118
839.8,8,460,141,473,165
840.0,7,388,33,413,69
840.0,-1,144,94,165,121
840.0,-1,416,139,440,166
840.0,8,459,140,473,166
840.2,7,388,33,413,69
840.2,3,411,135,432,166
840.2,-1,158,95,177,121
840.2,8,458,140,473,166
840.4,7,388,33,413,69
840.4,-1,184,99,202,124
840.4,3,413,134,434,164
840.4,8,459,140,473,166
840.6,7,388,33,413,69
840.6,3,417,138,436,167
840.6,8,460,140,475,166
840.6,-1,200,95,218,119
840.8,7,388,33,413,69
840.8,-1,214,95,233,122
840.8,3,421,139,442,168
840.8,8,467,144,481,170
841.0,7,388,33,413,69
841.0,-1,230,91,251,119
841.0,3,425,141,444,169
841.0,8,470,146,485,172
841.2,7,388,33,413,69
841.2,1,251,87,268,116
841.2,3,426,142,448,169
841.2,8,473,151,489,175
841.4,7,388,34,413,69
841.4,1,258,85,275,114
841.4,3,428,142,450,170
841.4,8,474,155,489,178
841.6,7,388,33,413,69
841.6,1,266,84,283,113
841.6,3,426,141,448,169
841.6,8,473,158,488,180
841.8,7,388,33,413,69
841.8,3,423,138,444,167
841.8,1,269,85,286,114
841.8,8,468,158,483,180
842.0,7,388,33,413,69
842.0,8,463,157,479,179
842.0,3,417,136,438,165
842.0,1,272,86,287,116
842.2,7,388,33,413,69
842.2,3,413,135,435,165
842.2,8,460,156,476,178
842.2,1,273,88,288,115
842.4,7,388,33,413,69
842.4,3,412,135,434,165
842.4,8,459,156,474,179
842.4,1,274,88,290,116
842.6,7,388,33,413,69
842.6,3,412,135,435,165
842.6,8,458,156,474,178
842.6,1,273,87,288,115
842.8,7,388,33,413,69
842.8,3,412,135,435,164
842.8,8,458,156,474,178
842.8,1,270,86,287,115
843.0,7,388,33,413,69
843.0,3,412,136,434,164
843.0,8,457,157,472,179
843.0,1,264,87,279,115
843.2,7,388,33,413,69
843.2,3,412,136,434,163
843.2,8,456,157,471,178
843.2,-1,252,88,268,114
843.4,4,441,87,491,158
843.4,3,158,54,227,146
843.6,3,162,53,230,143
843.6,4,442,86,492,155
843.8,3,166,53,233,140
843.8,4,443,86,492,155
844.0,3,169,54,237,141
844.0,4,442,86,492,155
844.2,3,171,53,239,142
844.2,4,442,86,491,155
844.4,4,442,86,492,155
844.4,3,163,54,231,143
844.6,4,442,86,492,155
844.6,3,153,54,221,143
844.8,3,151,54,221,144
844.8,4,442,86,492,154
845.0,4,442,85,492,155
845.0,3,150,55,220,148
845.2,4,442,85,492,154
845.2,3,149,57,217,149
845.4,4,442,83,492,154
845.4,3,150,55,219,146
845.6,3,149,54,218,142
845.6,4,442,85,492,154
845.8,4,443,85,493,156
845.8,3,147,54,214,138
846.0,4,440,87,490,159
846.0,3,148,52,215,133
846.2,4,439,87,489,158
846.2,3,148,53,215,133
846.4,3,151,53,218,134
846.4,4,439,88,489,158
846.6,3,152,52,218,135
846.6,4,440,88,489,159
846.8,3,151,52,218,136
846.8,4,442,86,492,158
847.0,3,151,51,219,136
847.0,4,439,86,490,157
847.2,3,152,51,219,135
847.2,4,438,84,489,157
847.4,3,153,51,219,135
847.4,4,440,84,490,157
847.6,4,444,85,493,157
847.6,3,152,51,219,136
847.8,3,151,51,218,135
847.8,4,443,85,493,155
848.0,3,151,52,218,136
848.0,4,441,85,491,154
848.2,7,419,25,444,61
848.2,3,465,135,488,163
848.2,1,355,88,372,117
848.2,8,513,137,525,163
848.4,7,419,25,444,61
848.4,1,350,86,368,115
848.4,3,465,136,488,163
848.4,8,513,138,525,163
848.6,7,419,25,444,60
848.6,1,339,83,356,111
848.6,8,512,137,524,162
848.6,3,464,136,484,161
848.8,7,419,25,444,61
848.8,1,317,80,334,109
848.8,8,510,138,524,162
848.8,3,462,135,482,162
849.0,7,420,25,445,61
849.0,1,283,84,302,111
849.0,3,462,135,482,161
849.0,8,510,138,523,163
849.2,7,423,25,448,61
849.2,-1,244,82,265,109
849.2,3,463,136,483,163
849.2,8,512,140,525,163
849.4,7,436,27,461,63
849.4,3,475,136,497,162
849.4,-1,218,92,232,115
849.4,8,524,141,539,165
849.6,7,462,30,488,65
849.6,8,550,143,565,169
849.6,3,502,140,522,166
849.6,-1,203,95,220,121
849.8,7,496,32,522,68
849.8,8,584,146,599,170
849.8,-1,194,95,209,118
849.8,3,535,142,556,169
850.0,7,528,35,555,70
850.0,8,616,148,631,173
850.0,3,566,144,587,171
850.2,7,564,37,589,72
850.2,3,599,145,621,173
850.4,7,599,36,625,73
850.6,1,158,100,175,126
850.8,-1,146,108,163,135
851.0,-1,139,125,157,152
851.2,-1,147,135,162,156
852.0,0,238,48,372,235
852.2,0,238,49,372,235
852.4,0,238,48,372,235
852.6,0,239,46,373,234
852.8,0,243,45,376,230
853.0,0,245,44,378,231
853.2,0,243,43,376,231
853.4,1,196,115,213,136
853.6,1,194,119,211,142
853.8,-1,183,116,199,139
854.0,-1,186,113,200,135
856.0,8,208,111,222,131
856.2,-1,215,109,228,131
856.4,-1,213,109,227,131
856.6,-1,213,109,228,131
856.8,0,224,53,358,243
857.0,0,224,53,357,245
857.2,0,225,52,357,245
857.4,0,225,53,357,244
857.6,0,223,52,354,242
858.0,8,256,108,268,129
858.0,19,82,81,97,108
858.2,-1,247,110,262,132
858.2,19,55,76,71,104
858.6,-1,247,102,261,126
858.8,1,239,102,255,127
859.0,1,236,101,254,126
859.2,1,234,102,252,127
859.4,1,230,104,248,129
859.6,1,225,103,243,129
859.8,1,224,103,242,129
860.0,1,224,106,242,132
860.2,1,225,107,244,133
860.4,1,228,105,246,130
860.6,1,230,106,249,132
860.8,0,244,40,323,151
861.0,0,243,40,322,152
861.2,0,241,41,321,152
861.4,0,242,40,322,152
861.6,0,245,41,324,152
861.8,0,243,41,322,154
862.0,0,244,40,323,151
862.2,0,241,41,321,154
862.4,0,241,41,321,154
862.6,0,239,41,319,153
862.8,0,239,41,317,152
863.0,1,242,47,291,112
863.2,1,241,40,291,108
863.4,1,232,48,285,118
863.6,1,223,28,278,102
863.8,1,217,34,275,113
864.0,1,210,20,271,103
864.2,1,200,0,264,87
864.4,1,186,0,252,90
864.6,-1,173,-35,244,54
864.8,-1,168,-41,243,47
865.0,4,585,116,607,143
865.2,4,531,108,554,136
865.2,3,596,110,625,142
865.2,7,611,84,634,114
865.4,4,482,101,503,130
865.4,3,547,105,576,136
865.4,7,560,78,584,111
865.6,4,450,98,471,126
865.6,7,529,74,551,105
865.6,3,515,100,545,132
865.8,4,428,93,449,120
865.8,7,506,70,529,100
865.8,3,493,96,523,127
866.4,4,378,77,398,103
866.6,4,364,72,385,97
866.6,7,441,48,463,79
866.6,3,428,73,457,105
866.8,7,432,43,454,74
866.8,3,420,68,448,101
866.8,4,357,67,378,93
867.0,4,353,64,374,90
867.0,3,415,66,444,98
867.0,7,427,40,450,70
867.2,4,353,62,373,89
867.2,3,413,63,442,97
867.2,7,425,39,448,72
867.4,4,353,61,373,88
868.6,-1,476,101,543,198
868.8,1,524,54,622,210
869.0,1,511,59,620,232
869.2,1,492,60,595,238
869.4,1,484,63,591,244
869.6,1,478,72,583,249
869.6,-1,173,63,231,141
869.8,1,474,78,580,250
870.0,1,472,75,575,248
870.2,0,208,55,342,249
870.4,0,202,61,335,251
870.6,0,199,59,331,251
870.8,0,198,58,330,250
871.0,0,177,49,303,246
871.2,0,199,64,320,246
871.4,0,270,44,401,239
874.4,4,250,44,282,86
874.8,4,250,43,280,86
874.8,3,347,52,388,106
875.0,4,251,44,280,86
875.0,3,346,57,387,111
875.2,4,251,44,280,86
875.2,3,346,58,389,115
875.4,4,255,45,285,86
875.4,3,346,58,388,114
875.6,3,346,56,388,113
875.6,8,268,46,297,89
875.8,3,345,53,383,106
875.8,8,272,47,303,89
876.0,3,347,48,383,99
876.0,8,275,49,302,91
876.2,3,352,46,387,97
876.2,8,271,49,300,93
876.4,3,354,46,389,97
876.4,8,269,48,300,93
876.6,3,353,46,389,97
876.6,8,270,48,299,92
876.8,3,354,46,389,97
876.8,8,270,47,299,91
877.0,3,150,54,216,137
877.0,4,444,87,494,157
877.2,3,154,53,221,138
877.2,4,444,87,494,157
877.4,3,160,52,227,140
877.4,4,444,86,494,157
877.6,4,444,87,494,157
877.6,3,160,53,226,140
877.8,4,445,87,494,157
877.8,3,156,52,224,139
878.0,4,445,87,494,158
878.0,3,154,52,219,135
878.2,3,151,53,217,134
878.2,4,445,86,494,157
878.4,3,148,54,215,134
878.4,4,445,87,494,157
878.6,4,445,87,494,157
878.6,3,147,53,213,135
878.8,43,411,153,425,170
878.8,44,328,132,342,150
879.0,44,327,122,341,141
879.0,43,409,162,423,179
879.2,44,326,130,341,149
879.2,43,406,156,421,174
879.4,44,325,122,340,142
879.4,43,407,156,423,175
879.6,44,317,116,333,138
879.6,43,408,156,424,175
879.8,43,404,148,421,169
879.8,44,306,123,324,145
880.0,44,299,111,318,135
880.0,43,399,161,418,183
880.2,43,397,149,417,172
880.2,44,297,111,316,136
880.4,43,398,154,419,178
880.4,44,293,115,313,142
880.6,44,285,100,307,129
880.6,43,400,156,422,182
880.8,44,269,110,292,140
880.8,43,394,148,417,176
881.0,44,254,109,279,140
881.0,43,396,161,422,192
881.2,44,253,87,279,122
881.2,43,400,140,428,172
881.4,44,251,93,278,131
881.4,43,404,148,434,184
881.6,44,251,85,280,125
881.6,43,408,146,440,185
881.8,44,242,67,275,110
881.8,43,404,136,438,179
882.0,43,402,153,441,201
882.0,44,225,84,263,130
882.2,43,412,121,454,175
882.2,44,214,60,256,112
882.4,43,430,151,477,215
882.4,44,224,47,265,105
882.6,43,436,128,491,196
882.6,44,216,60,263,122
882.8,44,199,29,252,99
882.8,43,435,131,497,209
883.0,43,435,164,507,261
883.0,44,191,42,246,118
883.2,44,156,41,219,125
883.2,43,416,110,503,219
883.4,-1,355,167,451,313
883.4,44,133,-21,202,80
883.6,45,-8,84,34,139
883.6,-1,65,-2,135,101
883.6,-1,178,171,280,317
883.8,45,81,84,118,132
884.0,45,146,84,182,132
884.0,-1,324,94,359,147
884.2,4,197,77,230,123
884.2,-1,373,81,406,129
884.4,4,216,76,252,121
884.4,46,391,79,432,134
884.6,4,228,75,263,118
884.6,46,405,79,445,134
884.8,4,232,71,268,116
884.8,46,412,72,454,126
885.0,4,236,74,271,117
885.0,46,420,73,462,134
885.2,46,423,71,467,134
885.2,4,234,73,270,116
885.4,4,234,72,270,116
885.4,46,430,70,472,131
885.6,4,232,76,268,119
885.6,46,435,76,473,132
885.8,46,428,75,468,132
885.8,4,225,80,262,119
886.0,4,226,79,262,119
886.0,-1,418,75,455,123
886.2,4,232,77,269,123
886.4,4,240,78,277,126
886.4,-1,406,73,437,126
886.6,4,446,84,496,158
886.6,3,145,54,212,140
886.8,4,447,81,497,150
886.8,3,146,54,212,138
887.0,4,448,83,498,154
887.0,3,146,55,211,137
887.2,4,448,88,498,157
887.2,3,145,54,211,137
887.4,4,448,86,499,156
887.4,3,146,54,211,137
887.6,4,448,88,499,158
887.6,3,147,54,212,136
887.8,4,448,90,498,158
887.8,3,148,54,212,136
888.0,4,448,90,498,159
888.0,3,148,54,213,137
888.2,4,447,90,497,159
888.2,3,147,53,213,137
888.4,4,447,88,496,158
888.4,3,147,53,214,137
888.6,3,147,53,214,137
888.6,4,447,87,496,158
888.8,4,448,89,497,158
888.8,3,148,52,214,137
889.0,4,449,90,499,158
889.0,3,147,53,213,137
889.2,4,448,90,498,160
889.2,3,147,53,213,137
889.4,4,447,89,497,159
889.4,3,147,53,213,137
889.6,4,448,90,497,160
889.6,3,147,53,214,137
889.8,4,448,90,498,160
889.8,3,147,53,214,137
